1082185,TROPICAL FRUIT BANANAS,"['tropical', 'fruit', 'bananas']","Tropical fruit cocktail, cooked or canned, in light syrup","['tropical', 'fruit', 'cocktail', 'cooked', 'light', 'syrup']",0.0,57.0,0.013999999999999999,0.031,0.01,1.0,0.4,6.0,13.93,0.07,10.0,0.0,0.051,0.0,2.6
995242,FLUID MILK PRODUCTS FLUID MILK WHITE ONLY,"['milk', 'products']","Milk, whole",['milk'],10.0,61.0,0.812,0.195,1.865,0.0,3.15,43.0,5.05,3.25,46.0,0.45,0.036000000000000004,0.0,0.3
1029743,FLUID MILK PRODUCTS FLUID MILK WHITE ONLY,"['milk', 'products']","Milk, whole",['milk'],10.0,61.0,0.812,0.195,1.865,0.0,3.15,43.0,5.05,3.25,46.0,0.45,0.036000000000000004,0.0,0.3
1133018,FLUID MILK PRODUCTS FLUID MILK WHITE ONLY,"['milk', 'products']","Milk, whole",['milk'],10.0,61.0,0.812,0.195,1.865,0.0,3.15,43.0,5.05,3.25,46.0,0.45,0.036000000000000004,0.0,0.3
1106523,FLUID MILK PRODUCTS FLUID MILK WHITE ONLY,"['milk', 'products']","Milk, whole",['milk'],10.0,61.0,0.812,0.195,1.865,0.0,3.15,43.0,5.05,3.25,46.0,0.45,0.036000000000000004,0.0,0.3
862349,FLUID MILK PRODUCTS FLUID MILK WHITE ONLY,"['milk', 'products']","Milk, whole",['milk'],10.0,61.0,0.812,0.195,1.865,0.0,3.15,43.0,5.05,3.25,46.0,0.45,0.036000000000000004,0.0,0.3
1058997,FLUID MILK PRODUCTS FLUID MILK WHITE ONLY,"['milk', 'products']","Milk, whole",['milk'],10.0,61.0,0.812,0.195,1.865,0.0,3.15,43.0,5.05,3.25,46.0,0.45,0.036000000000000004,0.0,0.3
1126899,FLUID MILK PRODUCTS FLUID MILK WHITE ONLY,"['milk', 'products']","Milk, whole",['milk'],10.0,61.0,0.812,0.195,1.865,0.0,3.15,43.0,5.05,3.25,46.0,0.45,0.036000000000000004,0.0,0.3
1070820,FLUID MILK PRODUCTS FLUID MILK WHITE ONLY,"['milk', 'products']","Milk, whole",['milk'],10.0,61.0,0.812,0.195,1.865,0.0,3.15,43.0,5.05,3.25,46.0,0.45,0.036000000000000004,0.0,0.3
981760,EGGS EGGS - X-LARGE,"['eggs', 'large']","Eggs a la Malaguena, Puerto Rican style (Huevos a la Malaguena)","['eggs', 'malaguena', 'puerto', 'rican', 'style', 'huevos']",161.0,96.0,1.742,0.983,1.489,1.7,8.41,710.0,2.16,4.68,86.0,0.34,0.14400000000000002,0.0,10.0
840361,EGGS EGGS - LARGE,"['eggs', 'large']","Eggs a la Malaguena, Puerto Rican style (Huevos a la Malaguena)","['eggs', 'malaguena', 'puerto', 'rican', 'style', 'huevos']",161.0,96.0,1.742,0.983,1.489,1.7,8.41,710.0,2.16,4.68,86.0,0.34,0.14400000000000002,0.0,10.0
923746,EGGS EGGS - LARGE,"['eggs', 'large']","Eggs a la Malaguena, Puerto Rican style (Huevos a la Malaguena)","['eggs', 'malaguena', 'puerto', 'rican', 'style', 'huevos']",161.0,96.0,1.742,0.983,1.489,1.7,8.41,710.0,2.16,4.68,86.0,0.34,0.14400000000000002,0.0,10.0
994928,EGGS EGGS - MEDIUM,"['eggs', 'medium']","Eggs a la Malaguena, Puerto Rican style (Huevos a la Malaguena)","['eggs', 'malaguena', 'puerto', 'rican', 'style', 'huevos']",161.0,96.0,1.742,0.983,1.489,1.7,8.41,710.0,2.16,4.68,86.0,0.34,0.14400000000000002,0.0,10.0
861272,EGGS EGGS - LARGE,"['eggs', 'large']","Eggs a la Malaguena, Puerto Rican style (Huevos a la Malaguena)","['eggs', 'malaguena', 'puerto', 'rican', 'style', 'huevos']",161.0,96.0,1.742,0.983,1.489,1.7,8.41,710.0,2.16,4.68,86.0,0.34,0.14400000000000002,0.0,10.0
1007195,CORN CORN YELLOW,"['corn', 'yellow']","Corn, yellow, cooked, from frozen, made with oil","['corn', 'yellow', 'cooked', 'oil']",0.0,102.0,1.3130000000000002,1.411,0.466,2.3,2.47,230.0,2.97,3.33,10.0,0.0,0.096,0.0,3.4
883404,BAKED BREAD/BUNS/ROLLS MAINSTREAM WHITE BREAD,"['baked', 'bread', 'buns', 'rolls', 'mainstream']","Lobster with bread stuffing, baked","['lobster', 'bread', 'stuffing', 'baked']",119.0,175.0,2.093,0.805,4.686,0.6,14.85,659.0,1.23,8.2,59.0,1.0,0.096,0.0,0.7
951590,BAKED BREAD/BUNS/ROLLS MAINSTREAM WHITE BREAD,"['baked', 'bread', 'buns', 'rolls', 'mainstream']","Lobster with bread stuffing, baked","['lobster', 'bread', 'stuffing', 'baked']",119.0,175.0,2.093,0.805,4.686,0.6,14.85,659.0,1.23,8.2,59.0,1.0,0.096,0.0,0.7
826249,BAKED BREAD/BUNS/ROLLS HAMBURGER BUNS,"['baked', 'bread', 'buns', 'rolls', 'hamburger']","Lobster with bread stuffing, baked","['lobster', 'bread', 'stuffing', 'baked']",119.0,175.0,2.093,0.805,4.686,0.6,14.85,659.0,1.23,8.2,59.0,1.0,0.096,0.0,0.7
1098066,BAKED BREAD/BUNS/ROLLS HOT DOG BUNS,"['baked', 'bread', 'buns', 'rolls', 'hot', 'dog']","Lobster with bread stuffing, baked","['lobster', 'bread', 'stuffing', 'baked']",119.0,175.0,2.093,0.805,4.686,0.6,14.85,659.0,1.23,8.2,59.0,1.0,0.096,0.0,0.7
849843,BAKED BREAD/BUNS/ROLLS MAINSTREAM WHEAT/MULTIGRAIN BR,"['baked', 'bread', 'buns', 'rolls', 'mainstream', 'wheat', 'multigrain']","Lobster with bread stuffing, baked","['lobster', 'bread', 'stuffing', 'baked']",119.0,175.0,2.093,0.805,4.686,0.6,14.85,659.0,1.23,8.2,59.0,1.0,0.096,0.0,0.7
962229,BAKED BREAD/BUNS/ROLLS MAINSTREAM WHITE BREAD,"['baked', 'bread', 'buns', 'rolls', 'mainstream']","Lobster with bread stuffing, baked","['lobster', 'bread', 'stuffing', 'baked']",119.0,175.0,2.093,0.805,4.686,0.6,14.85,659.0,1.23,8.2,59.0,1.0,0.096,0.0,0.7
999971,BAKED BREAD/BUNS/ROLLS MAINSTREAM WHITE BREAD,"['baked', 'bread', 'buns', 'rolls', 'mainstream']","Lobster with bread stuffing, baked","['lobster', 'bread', 'stuffing', 'baked']",119.0,175.0,2.093,0.805,4.686,0.6,14.85,659.0,1.23,8.2,59.0,1.0,0.096,0.0,0.7
873627,BAKED BREAD/BUNS/ROLLS MAINSTREAM WHITE BREAD,"['baked', 'bread', 'buns', 'rolls', 'mainstream']","Lobster with bread stuffing, baked","['lobster', 'bread', 'stuffing', 'baked']",119.0,175.0,2.093,0.805,4.686,0.6,14.85,659.0,1.23,8.2,59.0,1.0,0.096,0.0,0.7
1015247,BAKED BREAD/BUNS/ROLLS MAINSTREAM WHITE BREAD,"['baked', 'bread', 'buns', 'rolls', 'mainstream']","Lobster with bread stuffing, baked","['lobster', 'bread', 'stuffing', 'baked']",119.0,175.0,2.093,0.805,4.686,0.6,14.85,659.0,1.23,8.2,59.0,1.0,0.096,0.0,0.7
1048462,BAKED BREAD/BUNS/ROLLS MAINSTREAM WHITE BREAD,"['baked', 'bread', 'buns', 'rolls', 'mainstream']","Lobster with bread stuffing, baked","['lobster', 'bread', 'stuffing', 'baked']",119.0,175.0,2.093,0.805,4.686,0.6,14.85,659.0,1.23,8.2,59.0,1.0,0.096,0.0,0.7
885290,BAKED BREAD/BUNS/ROLLS MAINSTREAM WHEAT/MULTIGRAIN BR,"['baked', 'bread', 'buns', 'rolls', 'mainstream', 'wheat', 'multigrain']","Lobster with bread stuffing, baked","['lobster', 'bread', 'stuffing', 'baked']",119.0,175.0,2.093,0.805,4.686,0.6,14.85,659.0,1.23,8.2,59.0,1.0,0.096,0.0,0.7
12263788,BAKED BREAD/BUNS/ROLLS MAINSTREAM WHITE BREAD,"['baked', 'bread', 'buns', 'rolls', 'mainstream']","Lobster with bread stuffing, baked","['lobster', 'bread', 'stuffing', 'baked']",119.0,175.0,2.093,0.805,4.686,0.6,14.85,659.0,1.23,8.2,59.0,1.0,0.096,0.0,0.7
866227,BREAKFAST SWEETS SW GDS:DONUTS,"['breakfast', 'sweets', 'donuts']",Breakfast tart,"['breakfast', 'tart']",0.0,385.0,2.186,3.36,3.091,1.8,4.01,311.0,31.0,9.02,202.0,0.01,0.495,0.0,19.4
890610,BREAKFAST SWEETS SW GDS: SW ROLLS/DAN,"['breakfast', 'sweets', 'rolls', 'dan']",Breakfast tart,"['breakfast', 'tart']",0.0,385.0,2.186,3.36,3.091,1.8,4.01,311.0,31.0,9.02,202.0,0.01,0.495,0.0,19.4
995785,PEPPERS-ALL PEPPERS GREEN BELL,"['peppers', 'green', 'bell']","Olives, green","['olives', 'green']",0.0,145.0,11.314,1.307,2.029,3.3,1.03,1556.0,0.54,15.32,20.0,0.0,0.031,0.0,1.4
5569230,SOFT DRINKS SOFT DRINKS 12/18&15PK CAN CAR,"['soft', 'drinks', 'car']","Pretzels, soft","['pretzels', 'soft']",0.0,338.0,1.071,0.948,0.695,1.7,8.2,545.0,0.25,3.1,0.0,0.0,0.02,0.0,2.7
1053690,SOFT DRINKS SFT DRNK 2 LITER BTL CARB INCL,"['soft', 'drinks', 'soft', 'drnk', 'liter', 'carb', 'incl']","Pretzels, soft","['pretzels', 'soft']",0.0,338.0,1.071,0.948,0.695,1.7,8.2,545.0,0.25,3.1,0.0,0.0,0.02,0.0,2.7
844165,SOFT DRINKS SFT DRNK 2 LITER BTL CARB INCL,"['soft', 'drinks', 'soft', 'drnk', 'liter', 'carb', 'incl']","Pretzels, soft","['pretzels', 'soft']",0.0,338.0,1.071,0.948,0.695,1.7,8.2,545.0,0.25,3.1,0.0,0.0,0.02,0.0,2.7
5569471,SOFT DRINKS SOFT DRINKS 12/18&15PK CAN CAR,"['soft', 'drinks', 'car']","Pretzels, soft","['pretzels', 'soft']",0.0,338.0,1.071,0.948,0.695,1.7,8.2,545.0,0.25,3.1,0.0,0.0,0.02,0.0,2.7
8090521,SOFT DRINKS SOFT DRINKS 12/18&15PK CAN CAR,"['soft', 'drinks', 'car']","Pretzels, soft","['pretzels', 'soft']",0.0,338.0,1.071,0.948,0.695,1.7,8.2,545.0,0.25,3.1,0.0,0.0,0.02,0.0,2.7
1092026,SOFT DRINKS SFT DRNK 2 LITER BTL CARB INCL,"['soft', 'drinks', 'soft', 'drnk', 'liter', 'carb', 'incl']","Pretzels, soft","['pretzels', 'soft']",0.0,338.0,1.071,0.948,0.695,1.7,8.2,545.0,0.25,3.1,0.0,0.0,0.02,0.0,2.7
8090537,SOFT DRINKS SOFT DRINKS 12/18&15PK CAN CAR,"['soft', 'drinks', 'car']","Pretzels, soft","['pretzels', 'soft']",0.0,338.0,1.071,0.948,0.695,1.7,8.2,545.0,0.25,3.1,0.0,0.0,0.02,0.0,2.7
1085604,SOFT DRINKS SFT DRNK SNGL SRV BTL CARB (EX,"['soft', 'drinks', 'soft', 'drnk', 'sngl', 'carb']","Pretzels, soft","['pretzels', 'soft']",0.0,338.0,1.071,0.948,0.695,1.7,8.2,545.0,0.25,3.1,0.0,0.0,0.02,0.0,2.7
1053763,PWDR/CRYSTL DRNK MX SOFT DRINK POWDER POUCHES,"['powder', 'crystl', 'drnk', 'soft', 'drink', 'powder']","Pretzels, soft","['pretzels', 'soft']",0.0,338.0,1.071,0.948,0.695,1.7,8.2,545.0,0.25,3.1,0.0,0.0,0.02,0.0,2.7
868764,SOFT DRINKS SFT DRNK 2 LITER BTL CARB INCL,"['soft', 'drinks', 'soft', 'drnk', 'liter', 'carb', 'incl']","Pretzels, soft","['pretzels', 'soft']",0.0,338.0,1.071,0.948,0.695,1.7,8.2,545.0,0.25,3.1,0.0,0.0,0.02,0.0,2.7
1120741,SOFT DRINKS SFT DRNK 2 LITER BTL CARB INCL,"['soft', 'drinks', 'soft', 'drnk', 'liter', 'carb', 'incl']","Pretzels, soft","['pretzels', 'soft']",0.0,338.0,1.071,0.948,0.695,1.7,8.2,545.0,0.25,3.1,0.0,0.0,0.02,0.0,2.7
893501,SOFT DRINKS SFT DRNK 2 LITER BTL CARB INCL,"['soft', 'drinks', 'soft', 'drnk', 'liter', 'carb', 'incl']","Pretzels, soft","['pretzels', 'soft']",0.0,338.0,1.071,0.948,0.695,1.7,8.2,545.0,0.25,3.1,0.0,0.0,0.02,0.0,2.7
879755,SOFT DRINKS SFT DRNK SNGL SRV BTL CARB (EX,"['soft', 'drinks', 'soft', 'drnk', 'sngl', 'carb']","Pretzels, soft","['pretzels', 'soft']",0.0,338.0,1.071,0.948,0.695,1.7,8.2,545.0,0.25,3.1,0.0,0.0,0.02,0.0,2.7
989075,PWDR/CRYSTL DRNK MX SOFT DRINK POWDER POUCHES,"['powder', 'crystl', 'drnk', 'soft', 'drink', 'powder']","Pretzels, soft","['pretzels', 'soft']",0.0,338.0,1.071,0.948,0.695,1.7,8.2,545.0,0.25,3.1,0.0,0.0,0.02,0.0,2.7
951526,PWDR/CRYSTL DRNK MX SOFT DRINK POWDER POUCHES,"['powder', 'crystl', 'drnk', 'soft', 'drink', 'powder']","Pretzels, soft","['pretzels', 'soft']",0.0,338.0,1.071,0.948,0.695,1.7,8.2,545.0,0.25,3.1,0.0,0.0,0.02,0.0,2.7
916381,SOFT DRINKS SFT DRNK 2 LITER BTL CARB INCL,"['soft', 'drinks', 'soft', 'drnk', 'liter', 'carb', 'incl']","Pretzels, soft","['pretzels', 'soft']",0.0,338.0,1.071,0.948,0.695,1.7,8.2,545.0,0.25,3.1,0.0,0.0,0.02,0.0,2.7
5569845,SOFT DRINKS SOFT DRINKS 12/18&15PK CAN CAR,"['soft', 'drinks', 'car']","Pretzels, soft","['pretzels', 'soft']",0.0,338.0,1.071,0.948,0.695,1.7,8.2,545.0,0.25,3.1,0.0,0.0,0.02,0.0,2.7
1110572,SOFT DRINKS SFT DRNK MLT-PK BTL CARB (EXCP,"['soft', 'drinks', 'soft', 'drnk', 'mlt', 'carb', 'excp']","Pretzels, soft","['pretzels', 'soft']",0.0,338.0,1.071,0.948,0.695,1.7,8.2,545.0,0.25,3.1,0.0,0.0,0.02,0.0,2.7
824555,PWDR/CRYSTL DRNK MX SOFT DRINK POWDER POUCHES,"['powder', 'crystl', 'drnk', 'soft', 'drink', 'powder']","Pretzels, soft","['pretzels', 'soft']",0.0,338.0,1.071,0.948,0.695,1.7,8.2,545.0,0.25,3.1,0.0,0.0,0.02,0.0,2.7
1050131,PWDR/CRYSTL DRNK MX SOFT DRINK POWDER POUCHES,"['powder', 'crystl', 'drnk', 'soft', 'drink', 'powder']","Pretzels, soft","['pretzels', 'soft']",0.0,338.0,1.071,0.948,0.695,1.7,8.2,545.0,0.25,3.1,0.0,0.0,0.02,0.0,2.7
900491,PWDR/CRYSTL DRNK MX SOFT DRINK POWDER POUCHES,"['powder', 'crystl', 'drnk', 'soft', 'drink', 'powder']","Pretzels, soft","['pretzels', 'soft']",0.0,338.0,1.071,0.948,0.695,1.7,8.2,545.0,0.25,3.1,0.0,0.0,0.02,0.0,2.7
5569374,SOFT DRINKS SOFT DRINKS 12/18&15PK CAN CAR,"['soft', 'drinks', 'car']","Pretzels, soft","['pretzels', 'soft']",0.0,338.0,1.071,0.948,0.695,1.7,8.2,545.0,0.25,3.1,0.0,0.0,0.02,0.0,2.7
882441,SOFT DRINKS SFT DRNK 2 LITER BTL CARB INCL,"['soft', 'drinks', 'soft', 'drnk', 'liter', 'carb', 'incl']","Pretzels, soft","['pretzels', 'soft']",0.0,338.0,1.071,0.948,0.695,1.7,8.2,545.0,0.25,3.1,0.0,0.0,0.02,0.0,2.7
911215,PWDR/CRYSTL DRNK MX SOFT DRINK POWDER POUCHES,"['powder', 'crystl', 'drnk', 'soft', 'drink', 'powder']","Pretzels, soft","['pretzels', 'soft']",0.0,338.0,1.071,0.948,0.695,1.7,8.2,545.0,0.25,3.1,0.0,0.0,0.02,0.0,2.7
8090532,SOFT DRINKS SOFT DRINKS 12/18&15PK CAN CAR,"['soft', 'drinks', 'car']","Pretzels, soft","['pretzels', 'soft']",0.0,338.0,1.071,0.948,0.695,1.7,8.2,545.0,0.25,3.1,0.0,0.0,0.02,0.0,2.7
1132770,SOFT DRINKS SFT DRNK 2 LITER BTL CARB INCL,"['soft', 'drinks', 'soft', 'drnk', 'liter', 'carb', 'incl']","Pretzels, soft","['pretzels', 'soft']",0.0,338.0,1.071,0.948,0.695,1.7,8.2,545.0,0.25,3.1,0.0,0.0,0.02,0.0,2.7
862732,SOFT DRINKS SFT DRNK 2 LITER BTL CARB INCL,"['soft', 'drinks', 'soft', 'drnk', 'liter', 'carb', 'incl']","Pretzels, soft","['pretzels', 'soft']",0.0,338.0,1.071,0.948,0.695,1.7,8.2,545.0,0.25,3.1,0.0,0.0,0.02,0.0,2.7
947798,SOFT DRINKS SOFT DRINKS 12/18&15PK CAN CAR,"['soft', 'drinks', 'car']","Pretzels, soft","['pretzels', 'soft']",0.0,338.0,1.071,0.948,0.695,1.7,8.2,545.0,0.25,3.1,0.0,0.0,0.02,0.0,2.7
1036501,SOFT DRINKS SFT DRNK 2 LITER BTL CARB INCL,"['soft', 'drinks', 'soft', 'drnk', 'liter', 'carb', 'incl']","Pretzels, soft","['pretzels', 'soft']",0.0,338.0,1.071,0.948,0.695,1.7,8.2,545.0,0.25,3.1,0.0,0.0,0.02,0.0,2.7
1076875,SOFT DRINKS SFT DRNK 2 LITER BTL CARB INCL,"['soft', 'drinks', 'soft', 'drnk', 'liter', 'carb', 'incl']","Pretzels, soft","['pretzels', 'soft']",0.0,338.0,1.071,0.948,0.695,1.7,8.2,545.0,0.25,3.1,0.0,0.0,0.02,0.0,2.7
1074524,SOFT DRINKS SFT DRNK 2 LITER BTL CARB INCL,"['soft', 'drinks', 'soft', 'drnk', 'liter', 'carb', 'incl']","Pretzels, soft","['pretzels', 'soft']",0.0,338.0,1.071,0.948,0.695,1.7,8.2,545.0,0.25,3.1,0.0,0.0,0.02,0.0,2.7
972742,PWDR/CRYSTL DRNK MX SOFT DRINK POWDER POUCHES,"['powder', 'crystl', 'drnk', 'soft', 'drink', 'powder']","Pretzels, soft","['pretzels', 'soft']",0.0,338.0,1.071,0.948,0.695,1.7,8.2,545.0,0.25,3.1,0.0,0.0,0.02,0.0,2.7
1036432,PWDR/CRYSTL DRNK MX SOFT DRINK POWDER POUCHES,"['powder', 'crystl', 'drnk', 'soft', 'drink', 'powder']","Pretzels, soft","['pretzels', 'soft']",0.0,338.0,1.071,0.948,0.695,1.7,8.2,545.0,0.25,3.1,0.0,0.0,0.02,0.0,2.7
839849,SOFT DRINKS SFT DRNK 2 LITER BTL CARB INCL,"['soft', 'drinks', 'soft', 'drnk', 'liter', 'carb', 'incl']","Pretzels, soft","['pretzels', 'soft']",0.0,338.0,1.071,0.948,0.695,1.7,8.2,545.0,0.25,3.1,0.0,0.0,0.02,0.0,2.7
1107553,SOFT DRINKS SFT DRNK SNGL SRV BTL CARB (EX,"['soft', 'drinks', 'soft', 'drnk', 'sngl', 'carb']","Pretzels, soft","['pretzels', 'soft']",0.0,338.0,1.071,0.948,0.695,1.7,8.2,545.0,0.25,3.1,0.0,0.0,0.02,0.0,2.7
860776,VEGETABLES - ALL OTHERS CUCUMBERS,"['vegetables', 'others', 'cucumbers']",Quesadilla with vegetables,"['quesadilla', 'vegetables']",28.0,307.0,4.3389999999999995,2.421,7.257999999999999,2.2,11.3,603.0,2.7,15.74,102.0,0.3,0.067,0.0,10.7
1127831,BERRIES STRAWBERRIES,"['berries', 'strawberries']","Strawberries, frozen, NS as to added sweetener","['strawberries', 'sweetener']",0.0,96.0,0.018000000000000002,0.064,0.006999999999999999,1.9,0.53,3.0,24.01,0.13,1.0,0.0,0.03,0.0,1.7
1135476,BERRIES STRAWBERRIES,"['berries', 'strawberries']","Strawberries, frozen, NS as to added sweetener","['strawberries', 'sweetener']",0.0,96.0,0.018000000000000002,0.064,0.006999999999999999,1.9,0.53,3.0,24.01,0.13,1.0,0.0,0.03,0.0,1.7
908531,FLUID MILK PRODUCTS CHOCOLATE MILK,"['milk', 'products', 'chocolate']","Chocolate milk, made from dry mix, NS as to type of milk","['chocolate', 'milk']",7.0,71.0,0.47600000000000003,0.08800000000000001,1.2229999999999999,0.3,3.35,50.0,9.8,1.93,50.0,0.46,0.091,0.0,0.2
983584,FLUID MILK PRODUCTS CHOCOLATE MILK,"['milk', 'products', 'chocolate']","Chocolate milk, made from dry mix, NS as to type of milk","['chocolate', 'milk']",7.0,71.0,0.47600000000000003,0.08800000000000001,1.2229999999999999,0.3,3.35,50.0,9.8,1.93,50.0,0.46,0.091,0.0,0.2
916122,CHICKEN CHICKEN BREAST BONELESS,"['chicken', 'breast', 'boneless']","Chicken, breast, stewed, NS as to skin eaten","['chicken', 'breast', 'stewed', 'skin']",100.0,165.0,0.97,0.584,0.7909999999999999,0.0,30.98,495.0,0.0,3.88,10.0,0.14,0.564,0.0,0.0
985999,CHICKEN CHICKEN BREAST BONE IN,"['chicken', 'breast', 'bone']","Chicken, breast, stewed, NS as to skin eaten","['chicken', 'breast', 'stewed', 'skin']",100.0,165.0,0.97,0.584,0.7909999999999999,0.0,30.98,495.0,0.0,3.88,10.0,0.14,0.564,0.0,0.0
897954,CHICKEN CHICKEN BREAST BONELESS,"['chicken', 'breast', 'boneless']","Chicken, breast, stewed, NS as to skin eaten","['chicken', 'breast', 'stewed', 'skin']",100.0,165.0,0.97,0.584,0.7909999999999999,0.0,30.98,495.0,0.0,3.88,10.0,0.14,0.564,0.0,0.0
820165,CITRUS ORANGES NAVELS ALL,"['citrus', 'oranges', 'navels']","Sorbet, fruit, citrus flavor","['sorbet', 'fruit', 'citrus', 'flavor']",0.0,95.0,0.0,0.0,0.0,0.1,0.5,8.0,19.99,0.0,1.0,0.0,0.018000000000000002,0.0,0.1
986947,CITRUS ORANGES NAVELS ALL,"['citrus', 'oranges', 'navels']","Sorbet, fruit, citrus flavor","['sorbet', 'fruit', 'citrus', 'flavor']",0.0,95.0,0.0,0.0,0.0,0.1,0.5,8.0,19.99,0.0,1.0,0.0,0.018000000000000002,0.0,0.1
908846,CITRUS LIMES,"['citrus', 'limes']","Sorbet, fruit, citrus flavor","['sorbet', 'fruit', 'citrus', 'flavor']",0.0,95.0,0.0,0.0,0.0,0.1,0.5,8.0,19.99,0.0,1.0,0.0,0.018000000000000002,0.0,0.1
847270,CITRUS LEMONS,"['citrus', 'lemons']","Sorbet, fruit, citrus flavor","['sorbet', 'fruit', 'citrus', 'flavor']",0.0,95.0,0.0,0.0,0.0,0.1,0.5,8.0,19.99,0.0,1.0,0.0,0.018000000000000002,0.0,0.1
1044078,BEEF LEAN,"['beef', 'lean']","Beef, NS as to cut, cooked, lean only eaten","['beef', 'cooked', 'lean']",81.0,184.0,2.926,0.33299999999999996,2.6430000000000002,0.0,29.23,387.0,0.0,6.75,1.0,1.98,0.6759999999999999,0.0,1.5
1106301,BEEF LEAN,"['beef', 'lean']","Beef, NS as to cut, cooked, lean only eaten","['beef', 'cooked', 'lean']",81.0,184.0,2.926,0.33299999999999996,2.6430000000000002,0.0,29.23,387.0,0.0,6.75,1.0,1.98,0.6759999999999999,0.0,1.5
12301100,BEEF LEAN,"['beef', 'lean']","Beef, NS as to cut, cooked, lean only eaten","['beef', 'cooked', 'lean']",81.0,184.0,2.926,0.33299999999999996,2.6430000000000002,0.0,29.23,387.0,0.0,6.75,1.0,1.98,0.6759999999999999,0.0,1.5
844179,BEEF PRIMAL,"['beef', 'primal']",Beef goulash,"['beef', 'goulash']",35.0,102.0,1.8619999999999999,0.28800000000000003,1.135,0.4,13.69,223.0,1.07,3.78,5.0,0.83,0.225,0.0,1.6
999858,BEEF PRIMAL,"['beef', 'primal']",Beef goulash,"['beef', 'goulash']",35.0,102.0,1.8619999999999999,0.28800000000000003,1.135,0.4,13.69,223.0,1.07,3.78,5.0,0.83,0.225,0.0,1.6
874972,BEEF SELECT BEEF,"['beef', 'select']",Beef goulash,"['beef', 'goulash']",35.0,102.0,1.8619999999999999,0.28800000000000003,1.135,0.4,13.69,223.0,1.07,3.78,5.0,0.83,0.225,0.0,1.6
1050851,BEEF PRIMAL,"['beef', 'primal']",Beef goulash,"['beef', 'goulash']",35.0,102.0,1.8619999999999999,0.28800000000000003,1.135,0.4,13.69,223.0,1.07,3.78,5.0,0.83,0.225,0.0,1.6
1070702,BEEF NATURAL BEEF,"['beef', 'natural']",Beef goulash,"['beef', 'goulash']",35.0,102.0,1.8619999999999999,0.28800000000000003,1.135,0.4,13.69,223.0,1.07,3.78,5.0,0.83,0.225,0.0,1.6
1000753,BEEF SELECT BEEF,"['beef', 'select']",Beef goulash,"['beef', 'goulash']",35.0,102.0,1.8619999999999999,0.28800000000000003,1.135,0.4,13.69,223.0,1.07,3.78,5.0,0.83,0.225,0.0,1.6
863447,BEEF CHOICE BEEF,"['beef', 'choice']",Beef goulash,"['beef', 'goulash']",35.0,102.0,1.8619999999999999,0.28800000000000003,1.135,0.4,13.69,223.0,1.07,3.78,5.0,0.83,0.225,0.0,1.6
12301109,BEEF PRIMAL,"['beef', 'primal']",Beef goulash,"['beef', 'goulash']",35.0,102.0,1.8619999999999999,0.28800000000000003,1.135,0.4,13.69,223.0,1.07,3.78,5.0,0.83,0.225,0.0,1.6
944534,BEEF CUBED MEATS,"['beef', 'cubed', 'meats']",Beef goulash,"['beef', 'goulash']",35.0,102.0,1.8619999999999999,0.28800000000000003,1.135,0.4,13.69,223.0,1.07,3.78,5.0,0.83,0.225,0.0,1.6
961554,CARROTS CARROTS MINI PEELED,"['carrots', 'mini', 'peeled']","Carrots, raw","['carrots', 'raw']",0.0,41.0,0.013999999999999999,0.11699999999999999,0.037000000000000005,2.8,0.93,69.0,4.74,0.24,835.0,0.0,0.138,0.0,13.2
857503,CARROTS CARROTS MINI PEELED,"['carrots', 'mini', 'peeled']","Carrots, raw","['carrots', 'raw']",0.0,41.0,0.013999999999999999,0.11699999999999999,0.037000000000000005,2.8,0.93,69.0,4.74,0.24,835.0,0.0,0.138,0.0,13.2
900802,CARROTS CARROTS BAGGED,"['carrots', 'bagged']","Carrots, raw","['carrots', 'raw']",0.0,41.0,0.013999999999999999,0.11699999999999999,0.037000000000000005,2.8,0.93,69.0,4.74,0.24,835.0,0.0,0.138,0.0,13.2
904360,VEGETABLES SALAD HEAD LETTUCE,"['vegetables', 'salad', 'head', 'lettuce']","Tuna salad sandwich, with lettuce","['tuna', 'salad', 'sandwich', 'lettuce']",14.0,153.0,0.687,1.683,0.601,1.2,9.68,376.0,5.74,3.33,14.0,0.86,0.151,0.0,14.0
1055646,VEGETABLES SALAD HEAD LETTUCE,"['vegetables', 'salad', 'head', 'lettuce']","Tuna salad sandwich, with lettuce","['tuna', 'salad', 'sandwich', 'lettuce']",14.0,153.0,0.687,1.683,0.601,1.2,9.68,376.0,5.74,3.33,14.0,0.86,0.151,0.0,14.0
1119051,VEGETABLES SALAD VARIETY LETTUCE,"['vegetables', 'salad', 'variety', 'lettuce']","Tuna salad sandwich, with lettuce","['tuna', 'salad', 'sandwich', 'lettuce']",14.0,153.0,0.687,1.683,0.601,1.2,9.68,376.0,5.74,3.33,14.0,0.86,0.151,0.0,14.0
1005186,SALAD BAR SALAD BAR FRESH FRUIT,"['salad', 'bar', 'fresh', 'fruit']","Fruit salad, fresh or raw, (excluding citrus fruits), no dressing","['fruit', 'salad', 'fresh', 'raw', 'excluding', 'citrus', 'fruits', 'dressing']",0.0,53.0,0.025,0.09,0.057,1.7,0.7,3.0,9.59,0.26,25.0,0.0,0.128,0.0,3.3
1110843,SALAD BAR SALAD BAR FRESH FRUIT,"['salad', 'bar', 'fresh', 'fruit']","Fruit salad, fresh or raw, (excluding citrus fruits), no dressing","['fruit', 'salad', 'fresh', 'raw', 'excluding', 'citrus', 'fruits', 'dressing']",0.0,53.0,0.025,0.09,0.057,1.7,0.7,3.0,9.59,0.26,25.0,0.0,0.128,0.0,3.3
834484,ONIONS ONIONS OTHER,['onions'],"Onions, NS as to form, creamed","['onions', 'form', 'creamed']",3.0,72.0,1.652,1.079,1.069,1.0,1.88,183.0,3.45,3.99,39.0,0.1,0.059000000000000004,0.0,0.5
1022003,SOUP CONDENSED SOUP,"['soup', 'condensed']",Oxtail soup,"['oxtail', 'soup']",31.0,85.0,1.861,0.179,2.2119999999999997,0.3,8.4,139.0,0.44,4.87,34.0,0.65,0.09300000000000001,0.0,10.2
1050229,SOUP CONDENSED SOUP,"['soup', 'condensed']",Oxtail soup,"['oxtail', 'soup']",31.0,85.0,1.861,0.179,2.2119999999999997,0.3,8.4,139.0,0.44,4.87,34.0,0.65,0.09300000000000001,0.0,10.2
911812,SOUP CONDENSED SOUP,"['soup', 'condensed']",Oxtail soup,"['oxtail', 'soup']",31.0,85.0,1.861,0.179,2.2119999999999997,0.3,8.4,139.0,0.44,4.87,34.0,0.65,0.09300000000000001,0.0,10.2
1077490,SOUP CONDENSED SOUP,"['soup', 'condensed']",Oxtail soup,"['oxtail', 'soup']",31.0,85.0,1.861,0.179,2.2119999999999997,0.3,8.4,139.0,0.44,4.87,34.0,0.65,0.09300000000000001,0.0,10.2
1119879,SOUP DRY SOUP,['soup'],Oxtail soup,"['oxtail', 'soup']",31.0,85.0,1.861,0.179,2.2119999999999997,0.3,8.4,139.0,0.44,4.87,34.0,0.65,0.09300000000000001,0.0,10.2
999134,SOUP CONDENSED SOUP,"['soup', 'condensed']",Oxtail soup,"['oxtail', 'soup']",31.0,85.0,1.861,0.179,2.2119999999999997,0.3,8.4,139.0,0.44,4.87,34.0,0.65,0.09300000000000001,0.0,10.2
859075,CHEESE SHREDDED CHEESE,"['cheese', 'shredded']","Cheese, NFS","['cheese', 'nfs']",91.0,367.0,8.045,1.255,16.657,0.0,20.57,915.0,2.76,29.23,306.0,1.27,0.08900000000000001,0.0,2.7
1096036,CHEESE IWS SINGLE CHEESE,"['cheese', 'single']","Cheese, NFS","['cheese', 'nfs']",91.0,367.0,8.045,1.255,16.657,0.0,20.57,915.0,2.76,29.23,306.0,1.27,0.08900000000000001,0.0,2.7
929668,DINNER MXS:DRY MACARONI & CHEESE DNRS,"['dinner', 'macaroni', 'cheese', 'dnrs']","Cheese, NFS","['cheese', 'nfs']",91.0,367.0,8.045,1.255,16.657,0.0,20.57,915.0,2.76,29.23,306.0,1.27,0.08900000000000001,0.0,2.7
965766,CHEESE IWS SINGLE CHEESE,"['cheese', 'single']","Cheese, NFS","['cheese', 'nfs']",91.0,367.0,8.045,1.255,16.657,0.0,20.57,915.0,2.76,29.23,306.0,1.27,0.08900000000000001,0.0,2.7
987562,CHEESE SHREDDED CHEESE,"['cheese', 'shredded']","Cheese, NFS","['cheese', 'nfs']",91.0,367.0,8.045,1.255,16.657,0.0,20.57,915.0,2.76,29.23,306.0,1.27,0.08900000000000001,0.0,2.7
1101173,DINNER MXS:DRY MACARONI & CHEESE DNRS,"['dinner', 'macaroni', 'cheese', 'dnrs']","Cheese, NFS","['cheese', 'nfs']",91.0,367.0,8.045,1.255,16.657,0.0,20.57,915.0,2.76,29.23,306.0,1.27,0.08900000000000001,0.0,2.7
893018,CHEESE IWS SINGLE CHEESE,"['cheese', 'single']","Cheese, NFS","['cheese', 'nfs']",91.0,367.0,8.045,1.255,16.657,0.0,20.57,915.0,2.76,29.23,306.0,1.27,0.08900000000000001,0.0,2.7
1029624,DINNER MXS:DRY MACARONI & CHEESE DNRS,"['dinner', 'macaroni', 'cheese', 'dnrs']","Cheese, NFS","['cheese', 'nfs']",91.0,367.0,8.045,1.255,16.657,0.0,20.57,915.0,2.76,29.23,306.0,1.27,0.08900000000000001,0.0,2.7
1136257,CHEESE SHREDDED CHEESE,"['cheese', 'shredded']","Cheese, NFS","['cheese', 'nfs']",91.0,367.0,8.045,1.255,16.657,0.0,20.57,915.0,2.76,29.23,306.0,1.27,0.08900000000000001,0.0,2.7
990797,CRACKERS/MISC BKD FD CHEESE CRACKERS (CHEEZ-ITS/GOL,"['crackers', 'misc', 'cheese', 'cheez', 'gol']","Cheese, NFS","['cheese', 'nfs']",91.0,367.0,8.045,1.255,16.657,0.0,20.57,915.0,2.76,29.23,306.0,1.27,0.08900000000000001,0.0,2.7
918335,CHEESE SHREDDED CHEESE,"['cheese', 'shredded']","Cheese, NFS","['cheese', 'nfs']",91.0,367.0,8.045,1.255,16.657,0.0,20.57,915.0,2.76,29.23,306.0,1.27,0.08900000000000001,0.0,2.7
987724,CHEESE SHREDDED CHEESE,"['cheese', 'shredded']","Cheese, NFS","['cheese', 'nfs']",91.0,367.0,8.045,1.255,16.657,0.0,20.57,915.0,2.76,29.23,306.0,1.27,0.08900000000000001,0.0,2.7
1002558,CHEESE SHREDDED CHEESE,"['cheese', 'shredded']","Cheese, NFS","['cheese', 'nfs']",91.0,367.0,8.045,1.255,16.657,0.0,20.57,915.0,2.76,29.23,306.0,1.27,0.08900000000000001,0.0,2.7
940766,CHEESE SHREDDED CHEESE,"['cheese', 'shredded']","Cheese, NFS","['cheese', 'nfs']",91.0,367.0,8.045,1.255,16.657,0.0,20.57,915.0,2.76,29.23,306.0,1.27,0.08900000000000001,0.0,2.7
1132771,CHEESES CHEESE: NATURAL BULK,"['cheeses', 'cheese', 'natural']","Cheese, NFS","['cheese', 'nfs']",91.0,367.0,8.045,1.255,16.657,0.0,20.57,915.0,2.76,29.23,306.0,1.27,0.08900000000000001,0.0,2.7
971922,CHEESES CHEESE: NATURAL BULK,"['cheeses', 'cheese', 'natural']","Cheese, NFS","['cheese', 'nfs']",91.0,367.0,8.045,1.255,16.657,0.0,20.57,915.0,2.76,29.23,306.0,1.27,0.08900000000000001,0.0,2.7
1034686,CHEESE SHREDDED CHEESE,"['cheese', 'shredded']","Cheese, NFS","['cheese', 'nfs']",91.0,367.0,8.045,1.255,16.657,0.0,20.57,915.0,2.76,29.23,306.0,1.27,0.08900000000000001,0.0,2.7
1137775,CHEESES CHEESE: NATURAL BULK,"['cheeses', 'cheese', 'natural']","Cheese, NFS","['cheese', 'nfs']",91.0,367.0,8.045,1.255,16.657,0.0,20.57,915.0,2.76,29.23,306.0,1.27,0.08900000000000001,0.0,2.7
833715,SOUP RAMEN NOODLES/RAMEN CUPS,"['soup', 'ramen', 'noodles', 'cups']","Soup, mostly noodles","['soup', 'mostly', 'noodles']",0.0,67.0,0.937,0.33399999999999996,1.235,0.4,1.55,286.0,0.3,2.68,0.0,0.04,0.005,0.0,1.4
1003421,SOUP RAMEN NOODLES/RAMEN CUPS,"['soup', 'ramen', 'noodles', 'cups']","Soup, mostly noodles","['soup', 'mostly', 'noodles']",0.0,67.0,0.937,0.33399999999999996,1.235,0.4,1.55,286.0,0.3,2.68,0.0,0.04,0.005,0.0,1.4
866950,SOUP RAMEN NOODLES/RAMEN CUPS,"['soup', 'ramen', 'noodles', 'cups']","Soup, mostly noodles","['soup', 'mostly', 'noodles']",0.0,67.0,0.937,0.33399999999999996,1.235,0.4,1.55,286.0,0.3,2.68,0.0,0.04,0.005,0.0,1.4
903674,SOUP RAMEN NOODLES/RAMEN CUPS,"['soup', 'ramen', 'noodles', 'cups']","Soup, mostly noodles","['soup', 'mostly', 'noodles']",0.0,67.0,0.937,0.33399999999999996,1.235,0.4,1.55,286.0,0.3,2.68,0.0,0.04,0.005,0.0,1.4
979746,SOUP RAMEN NOODLES/RAMEN CUPS,"['soup', 'ramen', 'noodles', 'cups']","Soup, mostly noodles","['soup', 'mostly', 'noodles']",0.0,67.0,0.937,0.33399999999999996,1.235,0.4,1.55,286.0,0.3,2.68,0.0,0.04,0.005,0.0,1.4
981944,SOUP RAMEN NOODLES/RAMEN CUPS,"['soup', 'ramen', 'noodles', 'cups']","Soup, mostly noodles","['soup', 'mostly', 'noodles']",0.0,67.0,0.937,0.33399999999999996,1.235,0.4,1.55,286.0,0.3,2.68,0.0,0.04,0.005,0.0,1.4
1013321,VEGETABLES - SHELF STABLE BEANS GREEN: FS/WHL/CUT,"['vegetables', 'beans', 'green']","Mixed vegetables (corn, lima beans, peas, green beans, and carrots), cooked, from frozen, made with oil","['mixed', 'vegetables', 'corn', 'lima', 'beans', 'peas', 'green', 'carrots', 'cooked', 'oil']",0.0,85.0,1.024,1.067,0.361,4.3,2.78,241.0,3.03,2.57,208.0,0.0,0.07200000000000001,0.0,25.7
938700,VEGETABLES - SHELF STABLE CORN,"['vegetables', 'corn']","Mixed vegetables (corn, lima beans, peas, green beans, and carrots), cooked, from frozen, made with oil","['mixed', 'vegetables', 'corn', 'lima', 'beans', 'peas', 'green', 'carrots', 'cooked', 'oil']",0.0,85.0,1.024,1.067,0.361,4.3,2.78,241.0,3.03,2.57,208.0,0.0,0.07200000000000001,0.0,25.7
973861,VEGETABLES - SHELF STABLE BEANS GREEN: FS/WHL/CUT,"['vegetables', 'beans', 'green']","Mixed vegetables (corn, lima beans, peas, green beans, and carrots), cooked, from frozen, made with oil","['mixed', 'vegetables', 'corn', 'lima', 'beans', 'peas', 'green', 'carrots', 'cooked', 'oil']",0.0,85.0,1.024,1.067,0.361,4.3,2.78,241.0,3.03,2.57,208.0,0.0,0.07200000000000001,0.0,25.7
1030819,VEGETABLES - SHELF STABLE PEAS GREEN,"['vegetables', 'peas', 'green']","Mixed vegetables (corn, lima beans, peas, green beans, and carrots), cooked, from frozen, made with oil","['mixed', 'vegetables', 'corn', 'lima', 'beans', 'peas', 'green', 'carrots', 'cooked', 'oil']",0.0,85.0,1.024,1.067,0.361,4.3,2.78,241.0,3.03,2.57,208.0,0.0,0.07200000000000001,0.0,25.7
852864,VEGETABLES - SHELF STABLE BEANS GREEN: FS/WHL/CUT,"['vegetables', 'beans', 'green']","Mixed vegetables (corn, lima beans, peas, green beans, and carrots), cooked, from frozen, made with oil","['mixed', 'vegetables', 'corn', 'lima', 'beans', 'peas', 'green', 'carrots', 'cooked', 'oil']",0.0,85.0,1.024,1.067,0.361,4.3,2.78,241.0,3.03,2.57,208.0,0.0,0.07200000000000001,0.0,25.7
892920,VEGETABLES - SHELF STABLE CORN,"['vegetables', 'corn']","Mixed vegetables (corn, lima beans, peas, green beans, and carrots), cooked, from frozen, made with oil","['mixed', 'vegetables', 'corn', 'lima', 'beans', 'peas', 'green', 'carrots', 'cooked', 'oil']",0.0,85.0,1.024,1.067,0.361,4.3,2.78,241.0,3.03,2.57,208.0,0.0,0.07200000000000001,0.0,25.7
976955,VEGETABLES - SHELF STABLE CORN,"['vegetables', 'corn']","Mixed vegetables (corn, lima beans, peas, green beans, and carrots), cooked, from frozen, made with oil","['mixed', 'vegetables', 'corn', 'lima', 'beans', 'peas', 'green', 'carrots', 'cooked', 'oil']",0.0,85.0,1.024,1.067,0.361,4.3,2.78,241.0,3.03,2.57,208.0,0.0,0.07200000000000001,0.0,25.7
889774,VEGETABLES - SHELF STABLE CORN,"['vegetables', 'corn']","Mixed vegetables (corn, lima beans, peas, green beans, and carrots), cooked, from frozen, made with oil","['mixed', 'vegetables', 'corn', 'lima', 'beans', 'peas', 'green', 'carrots', 'cooked', 'oil']",0.0,85.0,1.024,1.067,0.361,4.3,2.78,241.0,3.03,2.57,208.0,0.0,0.07200000000000001,0.0,25.7
927191,SEAFOOD - SHELF STABLE TUNA,"['seafood', 'tuna']","Tuna, canned, oil pack","['tuna', 'oil']",18.0,198.0,2.949,2.885,1.534,0.0,29.13,416.0,0.0,8.21,23.0,2.2,0.11,0.0,44.0
862139,SEAFOOD - SHELF STABLE TUNA,"['seafood', 'tuna']","Tuna, canned, oil pack","['tuna', 'oil']",18.0,198.0,2.949,2.885,1.534,0.0,29.13,416.0,0.0,8.21,23.0,2.2,0.11,0.0,44.0
854852,TOMATOES TOMATOES HOTHOUSE ON THE VINE,"['tomatoes', 'hothouse', 'vine']","Tomatoes, from canned, stewed","['tomatoes', 'stewed']",0.0,26.0,0.028999999999999998,0.077,0.026000000000000002,1.0,0.91,221.0,3.52,0.19,9.0,0.0,0.017,0.0,2.4
1081177,TOMATOES TOMATOES VINE RIPE BULK,"['tomatoes', 'vine', 'ripe']","Tomatoes, from canned, stewed","['tomatoes', 'stewed']",0.0,26.0,0.028999999999999998,0.077,0.026000000000000002,1.0,0.91,221.0,3.52,0.19,9.0,0.0,0.017,0.0,2.4
1026118,TOMATOES ROMA TOMATOES (BULK/PKG),"['tomatoes', 'roma']","Tomatoes, from canned, stewed","['tomatoes', 'stewed']",0.0,26.0,0.028999999999999998,0.077,0.026000000000000002,1.0,0.91,221.0,3.52,0.19,9.0,0.0,0.017,0.0,2.4
5585510,TOMATOES TOMATOES VINE RIPE PKG,"['tomatoes', 'vine', 'ripe']","Tomatoes, from canned, stewed","['tomatoes', 'stewed']",0.0,26.0,0.028999999999999998,0.077,0.026000000000000002,1.0,0.91,221.0,3.52,0.19,9.0,0.0,0.017,0.0,2.4
914190,CHEESE CREAM CHEESE,"['cheese', 'cream']","Cheese, cream","['cheese', 'cream']",101.0,350.0,8.907,1.483,20.213,0.0,6.15,314.0,3.76,34.44,308.0,0.22,0.055999999999999994,0.0,2.1
1071939,CHEESE CREAM CHEESE,"['cheese', 'cream']","Cheese, cream","['cheese', 'cream']",101.0,350.0,8.907,1.483,20.213,0.0,6.15,314.0,3.76,34.44,308.0,0.22,0.055999999999999994,0.0,2.1
843756,CHEESE CREAM CHEESE,"['cheese', 'cream']","Cheese, cream","['cheese', 'cream']",101.0,350.0,8.907,1.483,20.213,0.0,6.15,314.0,3.76,34.44,308.0,0.22,0.055999999999999994,0.0,2.1
1004906,POTATOES POTATOES RUSSET (BULK&BAG),"['potatoes', 'russet']",Stewed potatoes with tomatoes,"['stewed', 'potatoes', 'tomatoes']",0.0,80.0,1.334,1.348,0.456,1.6,1.47,208.0,1.31,3.27,8.0,0.0,0.182,0.0,6.6
899624,POTATOES POTATOES RUSSET (BULK&BAG),"['potatoes', 'russet']",Stewed potatoes with tomatoes,"['stewed', 'potatoes', 'tomatoes']",0.0,80.0,1.334,1.348,0.456,1.6,1.47,208.0,1.31,3.27,8.0,0.0,0.182,0.0,6.6
1003600,POTATOES POTATOES RUSSET (BULK&BAG),"['potatoes', 'russet']",Stewed potatoes with tomatoes,"['stewed', 'potatoes', 'tomatoes']",0.0,80.0,1.334,1.348,0.456,1.6,1.47,208.0,1.31,3.27,8.0,0.0,0.182,0.0,6.6
908318,POTATOES POTATOES OTHER,['potatoes'],Stewed potatoes with tomatoes,"['stewed', 'potatoes', 'tomatoes']",0.0,80.0,1.334,1.348,0.456,1.6,1.47,208.0,1.31,3.27,8.0,0.0,0.182,0.0,6.6
986912,PREPARED FOOD PREP FD: SIDE DISHES (HOT),"['prepared', 'food', 'prep', 'side', 'dishes', 'hot']","Rum, hot buttered","['rum', 'hot', 'buttered']",11.0,159.0,1.232,0.158,2.77,0.1,0.08,4.0,4.62,4.42,35.0,0.01,0.004,0.0,0.4
866211,GRAPES GRAPES WHITE,['grapes'],"Grapes, raw, NS as to type","['grapes', 'raw']",0.0,69.0,0.006999999999999999,0.048,0.054000000000000006,0.9,0.72,2.0,15.48,0.16,3.0,0.0,0.086,0.0,14.6
878996,GRAPES GRAPES RED,"['grapes', 'red']","Sangria, red","['sangria', 'red']",0.0,96.0,0.002,0.021,0.002,0.0,0.04,10.0,7.16,0.04,0.0,0.0,0.03,0.0,0.2
970030,PEPPERS-ALL PEPPERS RED BELL,"['peppers', 'red', 'bell']","Sangria, red","['sangria', 'red']",0.0,96.0,0.002,0.021,0.002,0.0,0.04,10.0,7.16,0.04,0.0,0.0,0.03,0.0,0.2
1105488,GRAPES GRAPES RED,"['grapes', 'red']","Sangria, red","['sangria', 'red']",0.0,96.0,0.002,0.021,0.002,0.0,0.04,10.0,7.16,0.04,0.0,0.0,0.03,0.0,0.2
939578,APPLES APPLES RED DELICIOUS (BULK&BAG,"['apples', 'red', 'delicious']","Sangria, red","['sangria', 'red']",0.0,96.0,0.002,0.021,0.002,0.0,0.04,10.0,7.16,0.04,0.0,0.0,0.03,0.0,0.2
1131438,DINNER SAUSAGE RED,"['dinner', 'sausage', 'red']","Sangria, red","['sangria', 'red']",0.0,96.0,0.002,0.021,0.002,0.0,0.04,10.0,7.16,0.04,0.0,0.0,0.03,0.0,0.2
1068719,SUGARS/SWEETNERS SUGAR,"['sugars', 'sweetners', 'sugar']","Raspberries, frozen, with sugar","['raspberries', 'sugar']",0.0,103.0,0.015,0.08900000000000001,0.005,4.4,0.7,1.0,21.76,0.16,3.0,0.0,0.034,0.0,6.5
5592931,SUGARS/SWEETNERS SUGAR,"['sugars', 'sweetners', 'sugar']","Raspberries, frozen, with sugar","['raspberries', 'sugar']",0.0,103.0,0.015,0.08900000000000001,0.005,4.4,0.7,1.0,21.76,0.16,3.0,0.0,0.034,0.0,6.5
962568,VEGETABLES - ALL OTHERS CELERY,"['vegetables', 'others', 'celery']","Vegetables, stew type (including potatoes, carrots, onions, celery) cooked, made with oil","['vegetables', 'stew', 'including', 'potatoes', 'carrots', 'onions', 'celery', 'cooked', 'oil']",0.0,79.0,1.308,1.426,0.483,2.3,1.04,259.0,2.42,3.41,329.0,0.0,0.151,0.0,13.4
865178,VEGETABLES - ALL OTHERS CELERY,"['vegetables', 'others', 'celery']","Vegetables, stew type (including potatoes, carrots, onions, celery) cooked, made with oil","['vegetables', 'stew', 'including', 'potatoes', 'carrots', 'onions', 'celery', 'cooked', 'oil']",0.0,79.0,1.308,1.426,0.483,2.3,1.04,259.0,2.42,3.41,329.0,0.0,0.151,0.0,13.4
911878,CORN CORN WHITE,['corn'],Corn Chex,"['corn', 'chex']",0.0,370.0,0.6,1.29,0.4,4.7,6.4,719.0,11.1,2.4,440.0,4.8,1.61,0.0,0.1
903325,BROCCOLI/CAULIFLOWER BROCCOLI WHOLE&CROWNS,"['broccoli', 'cauliflower', 'crowns']","Broccoli salad with cauliflower, cheese, bacon bits, and dressing","['broccoli', 'salad', 'cauliflower', 'cheese', 'bacon', 'bits', 'dressing']",21.0,269.0,5.355,11.285,5.211,1.7,5.85,341.0,6.54,22.87,48.0,0.23,0.098,0.0,60.1
1117514,BROCCOLI/CAULIFLOWER CAULIFLOWER WHOLE,"['broccoli', 'cauliflower']","Broccoli salad with cauliflower, cheese, bacon bits, and dressing","['broccoli', 'salad', 'cauliflower', 'cheese', 'bacon', 'bits', 'dressing']",21.0,269.0,5.355,11.285,5.211,1.7,5.85,341.0,6.54,22.87,48.0,0.23,0.098,0.0,60.1
907014,BAKING MIXES MUFFIN & CORN BREAD MIX,"['baking', 'mixes', 'muffin', 'corn', 'bread']","Bread, white",['bread'],0.0,266.0,0.599,1.6019999999999999,0.698,2.7,8.85,490.0,5.67,3.33,0.0,0.0,0.087,0.0,0.2
1024306,MELONS CANTALOUPE WHOLE,"['melons', 'cantaloupe']","Cantaloupe, frozen (balls)","['cantaloupe', 'balls']",0.0,34.0,0.003,0.081,0.051,0.9,0.84,16.0,7.86,0.19,161.0,0.0,0.07200000000000001,0.0,2.5
833025,MILK BY-PRODUCTS SOUR CREAMS,"['milk', 'products', 'sour', 'creams']","White potato, from fresh, mashed, made with milk, and sour cream and/or cream cheese","['potato', 'fresh', 'mashed', 'milk', 'sour', 'cream', 'cheese']",17.0,123.0,1.41,0.271,3.1860000000000004,1.4,2.28,252.0,1.56,5.68,46.0,0.06,0.21600000000000003,0.0,2.0
1028816,TROPICAL FRUIT AVOCADO,"['tropical', 'fruit', 'avocado']","Fruit, NS as to type",['fruit'],0.0,69.0,0.019,0.055,0.064,2.3,0.76,1.0,11.73,0.22,4.0,0.0,0.18100000000000002,0.0,3.0
1033615,REFRGRATD JUICES/DRNKS DAIRY CASE FRUIT DRINKS (NO JU,"['juices', 'drnks', 'dairy', 'case', 'fruit', 'drinks']","Fruit, NS as to type",['fruit'],0.0,69.0,0.019,0.055,0.064,2.3,0.76,1.0,11.73,0.22,4.0,0.0,0.18100000000000002,0.0,3.0
1023720,STONE FRUIT PEACHES YELLOW FLESH,"['stone', 'fruit', 'peaches', 'yellow', 'flesh']","Fruit, NS as to type",['fruit'],0.0,69.0,0.019,0.055,0.064,2.3,0.76,1.0,11.73,0.22,4.0,0.0,0.18100000000000002,0.0,3.0
985119,REFRGRATD JUICES/DRNKS DAIRY CASE FRUIT DRINKS (NO JU,"['juices', 'drnks', 'dairy', 'case', 'fruit', 'drinks']","Fruit, NS as to type",['fruit'],0.0,69.0,0.019,0.055,0.064,2.3,0.76,1.0,11.73,0.22,4.0,0.0,0.18100000000000002,0.0,3.0
847982,SALAD MIX REGULAR GARDEN,"['salad', 'regular', 'garden']","Seafood garden salad with seafood, lettuce, tomato and/or carrots, other vegetables, no dressing","['seafood', 'garden', 'salad', 'lettuce', 'tomato', 'carrots', 'vegetables', 'dressing']",57.0,44.0,0.048,0.215,0.08900000000000001,1.2,7.1,254.0,1.26,0.48,155.0,0.68,0.086,0.0,71.9
1006184,SALAD MIX GARDEN PLUS,"['salad', 'garden', 'plus']","Seafood garden salad with seafood, lettuce, tomato and/or carrots, other vegetables, no dressing","['seafood', 'garden', 'salad', 'lettuce', 'tomato', 'carrots', 'vegetables', 'dressing']",57.0,44.0,0.048,0.215,0.08900000000000001,1.2,7.1,254.0,1.26,0.48,155.0,0.68,0.086,0.0,71.9
995965,SALAD MIX GARDEN PLUS,"['salad', 'garden', 'plus']","Seafood garden salad with seafood, lettuce, tomato and/or carrots, other vegetables, no dressing","['seafood', 'garden', 'salad', 'lettuce', 'tomato', 'carrots', 'vegetables', 'dressing']",57.0,44.0,0.048,0.215,0.08900000000000001,1.2,7.1,254.0,1.26,0.48,155.0,0.68,0.086,0.0,71.9
1095275,ROLLS ROLLS: BAGELS,"['rolls', 'bagels']",Pizza rolls,"['pizza', 'rolls']",6.0,345.0,4.052,3.003,2.625,1.3,9.19,631.0,3.94,10.5,63.0,0.27,0.066,0.0,4.8
925626,FROZEN PIZZA PIZZA/ECONOMY,['pizza'],Pizza rolls,"['pizza', 'rolls']",6.0,345.0,4.052,3.003,2.625,1.3,9.19,631.0,3.94,10.5,63.0,0.27,0.066,0.0,4.8
9245462,FROZEN PIZZA PIZZA/ECONOMY,['pizza'],Pizza rolls,"['pizza', 'rolls']",6.0,345.0,4.052,3.003,2.625,1.3,9.19,631.0,3.94,10.5,63.0,0.27,0.066,0.0,4.8
1127624,FROZEN PIZZA PIZZA/ECONOMY,['pizza'],Pizza rolls,"['pizza', 'rolls']",6.0,345.0,4.052,3.003,2.625,1.3,9.19,631.0,3.94,10.5,63.0,0.27,0.066,0.0,4.8
919644,FROZEN PIZZA BURRITOS,"['pizza', 'burritos']",Pizza rolls,"['pizza', 'rolls']",6.0,345.0,4.052,3.003,2.625,1.3,9.19,631.0,3.94,10.5,63.0,0.27,0.066,0.0,4.8
9245413,FROZEN PIZZA PIZZA/ECONOMY,['pizza'],Pizza rolls,"['pizza', 'rolls']",6.0,345.0,4.052,3.003,2.625,1.3,9.19,631.0,3.94,10.5,63.0,0.27,0.066,0.0,4.8
6773204,FROZEN PIZZA PIZZA/ECONOMY,['pizza'],Pizza rolls,"['pizza', 'rolls']",6.0,345.0,4.052,3.003,2.625,1.3,9.19,631.0,3.94,10.5,63.0,0.27,0.066,0.0,4.8
935284,FROZEN PIZZA PIZZA/ECONOMY,['pizza'],Pizza rolls,"['pizza', 'rolls']",6.0,345.0,4.052,3.003,2.625,1.3,9.19,631.0,3.94,10.5,63.0,0.27,0.066,0.0,4.8
944139,FROZEN PIZZA PIZZA/TRADITIONAL,"['pizza', 'traditional']",Pizza rolls,"['pizza', 'rolls']",6.0,345.0,4.052,3.003,2.625,1.3,9.19,631.0,3.94,10.5,63.0,0.27,0.066,0.0,4.8
910032,HOT DOGS PREMIUM - MEAT,"['hot', 'dogs', 'premium', 'meat']","Frankfurter or hot dog, meat and poultry","['frankfurter', 'hot', 'dog', 'meat', 'poultry']",82.0,285.0,10.118,5.687,7.537000000000001,0.0,10.34,986.0,2.93,24.66,28.0,0.64,0.054000000000000006,0.0,0.1
1062966,HOT DOGS ECONOMY - MEAT,"['hot', 'dogs', 'meat']","Frankfurter or hot dog, meat and poultry","['frankfurter', 'hot', 'dog', 'meat', 'poultry']",82.0,285.0,10.118,5.687,7.537000000000001,0.0,10.34,986.0,2.93,24.66,28.0,0.64,0.054000000000000006,0.0,0.1
883963,HOT DOGS ECONOMY - MEAT,"['hot', 'dogs', 'meat']","Frankfurter or hot dog, meat and poultry","['frankfurter', 'hot', 'dog', 'meat', 'poultry']",82.0,285.0,10.118,5.687,7.537000000000001,0.0,10.34,986.0,2.93,24.66,28.0,0.64,0.054000000000000006,0.0,0.1
8205218,HOT DOGS ECONOMY - MEAT,"['hot', 'dogs', 'meat']","Frankfurter or hot dog, meat and poultry","['frankfurter', 'hot', 'dog', 'meat', 'poultry']",82.0,285.0,10.118,5.687,7.537000000000001,0.0,10.34,986.0,2.93,24.66,28.0,0.64,0.054000000000000006,0.0,0.1
865330,HOT DOGS ECONOMY - MEAT,"['hot', 'dogs', 'meat']","Frankfurter or hot dog, meat and poultry","['frankfurter', 'hot', 'dog', 'meat', 'poultry']",82.0,285.0,10.118,5.687,7.537000000000001,0.0,10.34,986.0,2.93,24.66,28.0,0.64,0.054000000000000006,0.0,0.1
5568378,BAG SNACKS TORTILLA/NACHO CHIPS,"['snacks', 'tortilla', 'nacho', 'chips']","Salty snacks, corn or cornmeal base, tortilla chips","['salty', 'snacks', 'corn', 'cornmeal', 'base', 'tortilla', 'chips']",0.0,472.0,5.664,10.769,2.8110000000000004,5.4,7.1,328.0,0.78,20.68,0.0,0.0,0.179,0.0,20.9
5569327,BAG SNACKS TORTILLA/NACHO CHIPS,"['snacks', 'tortilla', 'nacho', 'chips']","Salty snacks, corn or cornmeal base, tortilla chips","['salty', 'snacks', 'corn', 'cornmeal', 'base', 'tortilla', 'chips']",0.0,472.0,5.664,10.769,2.8110000000000004,5.4,7.1,328.0,0.78,20.68,0.0,0.0,0.179,0.0,20.9
5568729,BAG SNACKS TORTILLA/NACHO CHIPS,"['snacks', 'tortilla', 'nacho', 'chips']","Salty snacks, corn or cornmeal base, tortilla chips","['salty', 'snacks', 'corn', 'cornmeal', 'base', 'tortilla', 'chips']",0.0,472.0,5.664,10.769,2.8110000000000004,5.4,7.1,328.0,0.78,20.68,0.0,0.0,0.179,0.0,20.9
968215,TROPICAL FRUIT KIWI FRUIT,"['tropical', 'fruit', 'kiwi']","Kiwi fruit, raw","['kiwi', 'fruit', 'raw']",0.0,61.0,0.047,0.287,0.028999999999999998,3.0,1.14,3.0,8.99,0.52,4.0,0.0,0.063,0.0,40.3
845208,ONIONS ONIONS YELLOW (BULK&BAG),"['onions', 'yellow']","Squash, summer, yellow or green, and onions, cooked, made with oil","['squash', 'summer', 'yellow', 'green', 'onions', 'cooked', 'oil']",0.0,47.0,1.0090000000000001,1.081,0.375,1.4,1.01,202.0,3.1,2.62,8.0,0.0,0.081,0.0,5.4
979707,ONIONS ONIONS SWEET (BULK&BAG),"['onions', 'sweet']","Tamale, sweet","['tamale', 'sweet']",0.0,257.0,5.02,3.6919999999999997,3.029,2.3,2.22,265.0,15.44,12.52,0.0,0.0,0.11199999999999999,0.0,6.5
1033142,ONIONS ONIONS SWEET (BULK&BAG),"['onions', 'sweet']","Tamale, sweet","['tamale', 'sweet']",0.0,257.0,5.02,3.6919999999999997,3.029,2.3,2.22,265.0,15.44,12.52,0.0,0.0,0.11199999999999999,0.0,6.5
930917,MEAT - SHELF STABLE PASTA: CANNED,"['meat', 'pasta']",Pasta with meat sauce,"['pasta', 'meat', 'sauce']",9.0,147.0,1.675,1.199,1.056,1.6,6.23,237.0,1.88,4.53,10.0,0.25,0.11699999999999999,0.0,6.7
822407,MEAT - SHELF STABLE PASTA: CANNED,"['meat', 'pasta']",Pasta with meat sauce,"['pasta', 'meat', 'sauce']",9.0,147.0,1.675,1.199,1.056,1.6,6.23,237.0,1.88,4.53,10.0,0.25,0.11699999999999999,0.0,6.7
892008,MEAT - SHELF STABLE PASTA: CANNED,"['meat', 'pasta']",Pasta with meat sauce,"['pasta', 'meat', 'sauce']",9.0,147.0,1.675,1.199,1.056,1.6,6.23,237.0,1.88,4.53,10.0,0.25,0.11699999999999999,0.0,6.7
1045220,MEAT - SHELF STABLE PASTA: CANNED,"['meat', 'pasta']",Pasta with meat sauce,"['pasta', 'meat', 'sauce']",9.0,147.0,1.675,1.199,1.056,1.6,6.23,237.0,1.88,4.53,10.0,0.25,0.11699999999999999,0.0,6.7
6034857,TOMATOES TOMATOES GRAPE,"['tomatoes', 'grape']",Grape-Nuts,"['grape', 'nuts']",0.0,361.0,0.21,0.78,0.34,13.0,11.22,465.0,8.86,1.81,0.0,0.0,0.86,0.0,2.0
1038217,CRACKERS/MISC BKD FD SOUP CRACKERS (SALTINE/OYSTER),"['crackers', 'misc', 'soup', 'saltine', 'oyster']","Crackers, oyster","['crackers', 'oyster']",0.0,418.0,1.986,4.835,1.653,2.8,9.46,941.0,1.29,8.64,1.0,0.09,0.086,0.0,25.4
883932,CRACKERS/MISC BKD FD SOUP CRACKERS (SALTINE/OYSTER),"['crackers', 'misc', 'soup', 'saltine', 'oyster']","Crackers, oyster","['crackers', 'oyster']",0.0,418.0,1.986,4.835,1.653,2.8,9.46,941.0,1.29,8.64,1.0,0.09,0.086,0.0,25.4
857849,MARGARINES MARGARINE  STICK,"['margarines', 'margarine']","Margarine, NFS","['margarine', 'nfs']",1.0,533.0,19.348,26.476999999999997,12.085999999999999,0.0,0.17,674.0,0.0,59.81,819.0,0.0,3.75,0.0,101.3
870547,MARGARINES MARGARINE: TUBS AND BOWLS,"['margarines', 'margarine', 'tubs', 'bowls']","Margarine, NFS","['margarine', 'nfs']",1.0,533.0,19.348,26.476999999999997,12.085999999999999,0.0,0.17,674.0,0.0,59.81,819.0,0.0,3.75,0.0,101.3
898980,MARGARINES MARGARINE  STICK,"['margarines', 'margarine']","Margarine, NFS","['margarine', 'nfs']",1.0,533.0,19.348,26.476999999999997,12.085999999999999,0.0,0.17,674.0,0.0,59.81,819.0,0.0,3.75,0.0,101.3
1070015,REFRGRATD JUICES/DRNKS DAIRY CASE TEA WITH SUGAR OR S,"['juices', 'drnks', 'dairy', 'case', 'tea', 'sugar']","Tea, iced, instant, black, pre-sweetened with sugar","['tea', 'iced', 'instant', 'black', 'pre', 'sweetened', 'sugar']",0.0,30.0,0.002,0.016,0.006999999999999999,0.1,0.01,4.0,7.07,0.05,0.0,0.0,0.001,0.0,0.0
1003188,CANNED JUICES APPLE JUICE & CIDER (OVER 50%,"['juices', 'apple', 'juice', 'cider']","Apple juice, 100%","['apple', 'juice']",0.0,46.0,0.006,0.039,0.022000000000000002,0.2,0.1,4.0,9.62,0.13,0.0,0.0,0.018000000000000002,0.0,0.0
933835,DELI MEATS MEAT: SAUS DRY BULK,"['meats', 'meat', 'saus']","Meat, NFS","['meat', 'nfs']",89.0,201.0,3.8760000000000003,0.41600000000000004,3.22,0.0,29.65,386.0,0.0,8.3,1.0,2.84,0.5589999999999999,0.0,1.5
1113588,FRZN MEAT/MEAT DINNERS SS ECONOMY ENTREES/DINNERS ALL,['meat'],"Meat, NFS","['meat', 'nfs']",89.0,201.0,3.8760000000000003,0.41600000000000004,3.22,0.0,29.65,386.0,0.0,8.3,1.0,2.84,0.5589999999999999,0.0,1.5
1101010,DELI MEATS MEAT: LUNCHMEAT BULK,"['meats', 'meat', 'lunchmeat']","Meat, NFS","['meat', 'nfs']",89.0,201.0,3.8760000000000003,0.41600000000000004,3.22,0.0,29.65,386.0,0.0,8.3,1.0,2.84,0.5589999999999999,0.0,1.5
830750,FRZN MEAT/MEAT DINNERS SS ECONOMY ENTREES/DINNERS ALL,['meat'],"Meat, NFS","['meat', 'nfs']",89.0,201.0,3.8760000000000003,0.41600000000000004,3.22,0.0,29.65,386.0,0.0,8.3,1.0,2.84,0.5589999999999999,0.0,1.5
918733,FRZN MEAT/MEAT DINNERS SS ECONOMY ENTREES/DINNERS ALL,['meat'],"Meat, NFS","['meat', 'nfs']",89.0,201.0,3.8760000000000003,0.41600000000000004,3.22,0.0,29.65,386.0,0.0,8.3,1.0,2.84,0.5589999999999999,0.0,1.5
908213,MEAT - SHELF STABLE VIENNA SAUSAGE,"['meat', 'vienna', 'sausage']","Meat, NFS","['meat', 'nfs']",89.0,201.0,3.8760000000000003,0.41600000000000004,3.22,0.0,29.65,386.0,0.0,8.3,1.0,2.84,0.5589999999999999,0.0,1.5
1012873,FRZN MEAT/MEAT DINNERS SS ECONOMY ENTREES/DINNERS ALL,['meat'],"Meat, NFS","['meat', 'nfs']",89.0,201.0,3.8760000000000003,0.41600000000000004,3.22,0.0,29.65,386.0,0.0,8.3,1.0,2.84,0.5589999999999999,0.0,1.5
1055283,FRZN MEAT/MEAT DINNERS SS ECONOMY ENTREES/DINNERS ALL,['meat'],"Meat, NFS","['meat', 'nfs']",89.0,201.0,3.8760000000000003,0.41600000000000004,3.22,0.0,29.65,386.0,0.0,8.3,1.0,2.84,0.5589999999999999,0.0,1.5
989101,WATER - CARBONATED/FLVRD DRINK NON-CRBNTD DRNKING/MNERAL WATE,"['water', 'carbonated', 'flavored', 'drink', 'non', 'crbntd', 'drnking', 'mneral', 'wate']","Fruit juice and water drink, with high vitamin C and added calcium, baby food","['fruit', 'juice', 'water', 'drink', 'high', 'vitamin', 'calcium', 'baby', 'food']",0.0,31.0,0.002,0.015,0.0,0.0,0.0,11.0,6.12,0.0,0.0,0.0,0.022000000000000002,0.0,0.2
913210,WATER - CARBONATED/FLVRD DRINK NON-CRBNTD DRNKING/MNERAL WATE,"['water', 'carbonated', 'flavored', 'drink', 'non', 'crbntd', 'drnking', 'mneral', 'wate']","Fruit juice and water drink, with high vitamin C and added calcium, baby food","['fruit', 'juice', 'water', 'drink', 'high', 'vitamin', 'calcium', 'baby', 'food']",0.0,31.0,0.002,0.015,0.0,0.0,0.0,11.0,6.12,0.0,0.0,0.0,0.022000000000000002,0.0,0.2
834117,WATER - CARBONATED/FLVRD DRINK NON-CRBNTD DRNKING/MNERAL WATE,"['water', 'carbonated', 'flavored', 'drink', 'non', 'crbntd', 'drnking', 'mneral', 'wate']","Fruit juice and water drink, with high vitamin C and added calcium, baby food","['fruit', 'juice', 'water', 'drink', 'high', 'vitamin', 'calcium', 'baby', 'food']",0.0,31.0,0.002,0.015,0.0,0.0,0.0,11.0,6.12,0.0,0.0,0.0,0.022000000000000002,0.0,0.2
895540,WATER - CARBONATED/FLVRD DRINK DISTILLED WATER,"['water', 'carbonated', 'flavored', 'drink', 'distilled']","Fruit juice and water drink, with high vitamin C and added calcium, baby food","['fruit', 'juice', 'water', 'drink', 'high', 'vitamin', 'calcium', 'baby', 'food']",0.0,31.0,0.002,0.015,0.0,0.0,0.0,11.0,6.12,0.0,0.0,0.0,0.022000000000000002,0.0,0.2
901062,APPLES APPLES GALA (BULK&BAG),"['apples', 'gala']","Applesauce, stewed apples, unsweetened","['applesauce', 'stewed', 'apples', 'unsweetened']",0.0,42.0,0.002,0.013999999999999999,0.008,1.1,0.17,2.0,9.39,0.1,1.0,0.0,0.027000000000000003,0.0,0.5
976065,APPLES APPLES GALA (BULK&BAG),"['apples', 'gala']","Applesauce, stewed apples, unsweetened","['applesauce', 'stewed', 'apples', 'unsweetened']",0.0,42.0,0.002,0.013999999999999999,0.008,1.1,0.17,2.0,9.39,0.1,1.0,0.0,0.027000000000000003,0.0,0.5
1037863,VEGETABLES - ALL OTHERS CABBAGE,"['vegetables', 'others', 'cabbage']","Cabbage, creamed","['cabbage', 'creamed']",3.0,79.0,2.017,1.3119999999999998,1.295,1.1,2.44,221.0,3.51,4.86,49.0,0.13,0.079,0.0,59.6
1056509,MILK BY-PRODUCTS COTTAGE CHEESE,"['milk', 'products', 'cottage', 'cheese']","Cheese, Mozzarella, whole milk","['cheese', 'mozzarella', 'milk']",79.0,300.0,6.5729999999999995,0.765,13.152000000000001,0.0,22.17,627.0,1.03,22.35,179.0,2.28,0.037000000000000005,0.0,2.3
1077555,MILK BY-PRODUCTS COTTAGE CHEESE,"['milk', 'products', 'cottage', 'cheese']","Cheese, Mozzarella, whole milk","['cheese', 'mozzarella', 'milk']",79.0,300.0,6.5729999999999995,0.765,13.152000000000001,0.0,22.17,627.0,1.03,22.35,179.0,2.28,0.037000000000000005,0.0,2.3
916993,MILK BY-PRODUCTS COTTAGE CHEESE,"['milk', 'products', 'cottage', 'cheese']","Cheese, Mozzarella, whole milk","['cheese', 'mozzarella', 'milk']",79.0,300.0,6.5729999999999995,0.765,13.152000000000001,0.0,22.17,627.0,1.03,22.35,179.0,2.28,0.037000000000000005,0.0,2.3
12810393,PORK ENHANCED,"['pork', 'enhanced']",Pork curry,"['pork', 'curry']",13.0,89.0,1.814,1.254,0.973,1.5,6.17,306.0,1.46,4.32,132.0,0.11,0.193,0.0,48.7
913785,CONDIMENTS/SAUCES CATSUP,"['condiments', 'sauces', 'catsup']",Tomato catsup,"['tomato', 'catsup']",0.0,101.0,0.015,0.040999999999999995,0.013999999999999999,0.3,1.04,907.0,21.27,0.1,26.0,0.0,0.158,0.0,3.0
9526410,BAG SNACKS POTATO CHIPS,"['snacks', 'potato', 'chips']","Salty snacks, multigrain and potato chips (made with rice flour, dried potatoes, corn flour, and wheat starch)","['salty', 'snacks', 'multigrain', 'potato', 'chips', 'rice', 'flour', 'dried', 'potatoes', 'corn', 'wheat', 'starch']",0.0,505.0,4.285,10.614,6.307,2.7,5.3,544.0,4.08,24.74,0.0,0.0,0.252,0.0,7.3
9527290,BAG SNACKS POTATO CHIPS,"['snacks', 'potato', 'chips']","Salty snacks, multigrain and potato chips (made with rice flour, dried potatoes, corn flour, and wheat starch)","['salty', 'snacks', 'multigrain', 'potato', 'chips', 'rice', 'flour', 'dried', 'potatoes', 'corn', 'wheat', 'starch']",0.0,505.0,4.285,10.614,6.307,2.7,5.3,544.0,4.08,24.74,0.0,0.0,0.252,0.0,7.3
896369,PNT BTR/JELLY/JAMS PEANUT BUTTER,"['peanut', 'butter', 'jelly', 'jams', 'peanut', 'butter']",Peanut butter and jelly,"['peanut', 'butter', 'jelly']",0.0,409.0,11.155,5.392,4.4430000000000005,2.7,9.64,200.0,33.71,22.1,0.0,0.0,0.201,0.0,0.3
1051211,PNT BTR/JELLY/JAMS PEANUT BUTTER,"['peanut', 'butter', 'jelly', 'jams', 'peanut', 'butter']",Peanut butter and jelly,"['peanut', 'butter', 'jelly']",0.0,409.0,11.155,5.392,4.4430000000000005,2.7,9.64,200.0,33.71,22.1,0.0,0.0,0.201,0.0,0.3
824005,MUSHROOMS MUSHROOMS WHITE SLICED PKG,"['mushrooms', 'sliced']","Mushrooms, from frozen, creamed","['mushrooms', 'creamed']",3.0,81.0,1.9680000000000002,1.3730000000000002,1.3019999999999998,1.3,2.91,213.0,3.24,4.98,46.0,0.12,0.07,0.0,0.4
1116821,MUSHROOMS MUSHROOMS W/WHOLE PKG,['mushrooms'],"Mushrooms, from frozen, creamed","['mushrooms', 'creamed']",3.0,81.0,1.9680000000000002,1.3730000000000002,1.3019999999999998,1.3,2.91,213.0,3.24,4.98,46.0,0.12,0.07,0.0,0.4
1022254,POTATOES POTATOES SWEET&YAMS,"['potatoes', 'sweet', 'yams']","Sweet potatoes, baby food, strained","['sweet', 'potatoes', 'baby', 'food', 'strained']",0.0,57.0,0.004,0.044000000000000004,0.021,1.5,1.1,22.0,4.05,0.1,322.0,0.0,0.09300000000000001,0.0,1.4
1043590,SHORTENING/OIL VEGETABLE/SALAD OIL,"['shortening', 'oil', 'vegetable', 'salad']",Crab salad,"['crab', 'salad']",58.0,187.0,3.552,9.382,2.531,0.4,9.44,459.0,0.57,15.89,9.0,1.71,0.1,0.0,40.4
871756,SALD DRSNG/SNDWCH SPRD SEMI-SOLID SALAD DRESSING MAY,"['sald', 'drsng', 'sndwch', 'sprd', 'semi', 'solid', 'salad', 'dressing', 'may']",Crab salad,"['crab', 'salad']",58.0,187.0,3.552,9.382,2.531,0.4,9.44,459.0,0.57,15.89,9.0,1.71,0.1,0.0,40.4
1058779,SALD DRSNG/SNDWCH SPRD POURABLE SALAD DRESSINGS,"['sald', 'drsng', 'sndwch', 'sprd', 'pourable', 'salad', 'dressings']",Crab salad,"['crab', 'salad']",58.0,187.0,3.552,9.382,2.531,0.4,9.44,459.0,0.57,15.89,9.0,1.71,0.1,0.0,40.4
940947,HEAT/SERVE ENTREES,"['heat', 'serve']","Ice cream, soft serve, NS as to flavor","['ice', 'cream', 'soft', 'serve', 'flavor']",44.0,207.0,2.969,0.452,6.79,0.7,3.5,80.0,21.22,11.0,118.0,0.39,0.048,0.0,0.3
850841,ISOTONIC DRINKS ISOTONIC DRINKS SINGLE SERVE,"['isotonic', 'drinks', 'single', 'serve']","Ice cream, soft serve, NS as to flavor","['ice', 'cream', 'soft', 'serve', 'flavor']",44.0,207.0,2.969,0.452,6.79,0.7,3.5,80.0,21.22,11.0,118.0,0.39,0.048,0.0,0.3
976199,BUTTER BUTTER,['butter'],Cashew butter,"['cashew', 'butter']",0.0,609.0,26.709,13.370999999999999,10.606,3.0,12.12,295.0,9.09,53.03,0.0,0.0,0.203,0.0,30.3
872137,BUTTER BUTTER,['butter'],Cashew butter,"['cashew', 'butter']",0.0,609.0,26.709,13.370999999999999,10.606,3.0,12.12,295.0,9.09,53.03,0.0,0.0,0.203,0.0,30.3
5590287,YOGURT YOGURT NOT MULTI-PACKS,['yogurt'],Yogurt dressing,"['yogurt', 'dressing']",58.0,220.0,4.606,0.795,11.655999999999999,0.1,3.45,43.0,9.67,18.27,208.0,0.29,0.04,0.0,1.7
5582789,YOGURT YOGURT NOT MULTI-PACKS,['yogurt'],Yogurt dressing,"['yogurt', 'dressing']",58.0,220.0,4.606,0.795,11.655999999999999,0.1,3.45,43.0,9.67,18.27,208.0,0.29,0.04,0.0,1.7
5584027,YOGURT YOGURT NOT MULTI-PACKS,['yogurt'],Yogurt dressing,"['yogurt', 'dressing']",58.0,220.0,4.606,0.795,11.655999999999999,0.1,3.45,43.0,9.67,18.27,208.0,0.29,0.04,0.0,1.7
870780,YOGURT YOGURT NOT MULTI-PACKS,['yogurt'],Yogurt dressing,"['yogurt', 'dressing']",58.0,220.0,4.606,0.795,11.655999999999999,0.1,3.45,43.0,9.67,18.27,208.0,0.29,0.04,0.0,1.7
8011397,YOGURT YOGURT NOT MULTI-PACKS,['yogurt'],Yogurt dressing,"['yogurt', 'dressing']",58.0,220.0,4.606,0.795,11.655999999999999,0.1,3.45,43.0,9.67,18.27,208.0,0.29,0.04,0.0,1.7
5585735,YOGURT YOGURT NOT MULTI-PACKS,['yogurt'],Yogurt dressing,"['yogurt', 'dressing']",58.0,220.0,4.606,0.795,11.655999999999999,0.1,3.45,43.0,9.67,18.27,208.0,0.29,0.04,0.0,1.7
5587133,YOGURT YOGURT NOT MULTI-PACKS,['yogurt'],Yogurt dressing,"['yogurt', 'dressing']",58.0,220.0,4.606,0.795,11.655999999999999,0.1,3.45,43.0,9.67,18.27,208.0,0.29,0.04,0.0,1.7
5585635,YOGURT YOGURT NOT MULTI-PACKS,['yogurt'],Yogurt dressing,"['yogurt', 'dressing']",58.0,220.0,4.606,0.795,11.655999999999999,0.1,3.45,43.0,9.67,18.27,208.0,0.29,0.04,0.0,1.7
5588666,YOGURT YOGURT NOT MULTI-PACKS,['yogurt'],Yogurt dressing,"['yogurt', 'dressing']",58.0,220.0,4.606,0.795,11.655999999999999,0.1,3.45,43.0,9.67,18.27,208.0,0.29,0.04,0.0,1.7
5584007,YOGURT YOGURT NOT MULTI-PACKS,['yogurt'],Yogurt dressing,"['yogurt', 'dressing']",58.0,220.0,4.606,0.795,11.655999999999999,0.1,3.45,43.0,9.67,18.27,208.0,0.29,0.04,0.0,1.7
956609,BEANS - CANNED GLASS & MW PREPARED BEANS - BAKED W/PORK,"['beans', 'glass', 'prepared', 'baked', 'pork']","Pork, tenderloin, baked","['pork', 'tenderloin', 'baked']",72.0,154.0,1.656,0.6920000000000001,1.444,0.0,26.9,594.0,0.0,4.33,0.0,0.62,0.647,0.0,0.0
1041259,HERBS GARLIC WHOLE CLOVES,"['herbs', 'garlic', 'cloves']","Garlic, cooked","['garlic', 'cooked']",0.0,148.0,0.011000000000000001,0.248,0.08800000000000001,2.1,6.32,248.0,0.99,0.5,0.0,0.0,1.166,0.0,1.7
1132763,CHEESE STRING CHEESE,"['cheese', 'string']","Beans, string, yellow, from frozen, creamed or with cheese sauce","['beans', 'string', 'yellow', 'creamed', 'cheese', 'sauce']",8.0,82.0,1.733,0.86,2.07,1.9,3.58,236.0,2.04,4.92,39.0,0.12,0.053,0.0,24.0
880150,BEEF SOUP/STEW,"['beef', 'soup', 'stew']","Beef stew with potatoes, gravy","['beef', 'stew', 'potatoes', 'gravy']",25.0,100.0,1.435,0.731,0.927,0.9,9.19,176.0,0.57,3.47,0.0,0.6,0.198,0.0,3.0
1074405,VEGETABLES - SHELF STABLE TOMATO SAUCE,"['vegetables', 'tomato', 'sauce']",Spaghetti with tomato sauce and vegetables,"['spaghetti', 'tomato', 'sauce', 'vegetables']",1.0,118.0,0.879,1.112,0.40299999999999997,1.7,3.65,208.0,2.36,2.76,13.0,0.0,0.1,0.0,7.2
938566,VEGETABLES - SHELF STABLE TOMATO SAUCE,"['vegetables', 'tomato', 'sauce']",Spaghetti with tomato sauce and vegetables,"['spaghetti', 'tomato', 'sauce', 'vegetables']",1.0,118.0,0.879,1.112,0.40299999999999997,1.7,3.65,208.0,2.36,2.76,13.0,0.0,0.1,0.0,7.2
976300,VEGETABLES - SHELF STABLE TOMATO SAUCE,"['vegetables', 'tomato', 'sauce']",Spaghetti with tomato sauce and vegetables,"['spaghetti', 'tomato', 'sauce', 'vegetables']",1.0,118.0,0.879,1.112,0.40299999999999997,1.7,3.65,208.0,2.36,2.76,13.0,0.0,0.1,0.0,7.2
1080331,VEGETABLES - SHELF STABLE TOMATO SAUCE,"['vegetables', 'tomato', 'sauce']",Spaghetti with tomato sauce and vegetables,"['spaghetti', 'tomato', 'sauce', 'vegetables']",1.0,118.0,0.879,1.112,0.40299999999999997,1.7,3.65,208.0,2.36,2.76,13.0,0.0,0.1,0.0,7.2
9526563,BAG SNACKS SGL SV/VEND MACH SNACKS CHIP/P,"['snacks', 'vend', 'mach', 'chip']",Bagel chip,"['bagel', 'chip']",0.0,451.0,6.05,2.085,6.835,4.1,12.34,233.0,6.02,15.14,0.0,0.0,0.11699999999999999,0.0,5.2
7167218,BAG SNACKS SGL SV/VEND MACH SNACKS CHIP/P,"['snacks', 'vend', 'mach', 'chip']",Bagel chip,"['bagel', 'chip']",0.0,451.0,6.05,2.085,6.835,4.1,12.34,233.0,6.02,15.14,0.0,0.0,0.11699999999999999,0.0,5.2
913202,BAG SNACKS SGL SV/VEND MACH SNACKS CHIP/P,"['snacks', 'vend', 'mach', 'chip']",Bagel chip,"['bagel', 'chip']",0.0,451.0,6.05,2.085,6.835,4.1,12.34,233.0,6.02,15.14,0.0,0.0,0.11699999999999999,0.0,5.2
7440663,BAG SNACKS SGL SV/VEND MACH SNACKS CHIP/P,"['snacks', 'vend', 'mach', 'chip']",Bagel chip,"['bagel', 'chip']",0.0,451.0,6.05,2.085,6.835,4.1,12.34,233.0,6.02,15.14,0.0,0.0,0.11699999999999999,0.0,5.2
9527487,BAG SNACKS SGL SV/VEND MACH SNACKS CHIP/P,"['snacks', 'vend', 'mach', 'chip']",Bagel chip,"['bagel', 'chip']",0.0,451.0,6.05,2.085,6.835,4.1,12.34,233.0,6.02,15.14,0.0,0.0,0.11699999999999999,0.0,5.2
9526886,BAG SNACKS SGL SV/VEND MACH SNACKS CHIP/P,"['snacks', 'vend', 'mach', 'chip']",Bagel chip,"['bagel', 'chip']",0.0,451.0,6.05,2.085,6.835,4.1,12.34,233.0,6.02,15.14,0.0,0.0,0.11699999999999999,0.0,5.2
1056651,WATER - CARBONATED/FLVRD DRINK SPRING WATER,"['water', 'carbonated', 'flavored', 'drink', 'spring']",Water chestnut,"['water', 'chestnut']",0.0,78.0,0.002,0.040999999999999995,0.025,3.9,1.38,12.0,3.84,0.09,0.0,0.0,0.248,0.0,0.3
1077975,WATER - CARBONATED/FLVRD DRINK SPRING WATER,"['water', 'carbonated', 'flavored', 'drink', 'spring']",Water chestnut,"['water', 'chestnut']",0.0,78.0,0.002,0.040999999999999995,0.025,3.9,1.38,12.0,3.84,0.09,0.0,0.0,0.248,0.0,0.3
832678,CRACKERS/MISC BKD FD BUTTER SPRAY CRACKER (RITZ/CLU,"['crackers', 'misc', 'butter', 'spray', 'cracker', 'ritz', 'clu']","Cracker, sandwich-type, peanut butter filled","['cracker', 'sandwich', 'peanut', 'butter', 'filled']",0.0,494.0,13.468,4.551,4.803,2.3,11.47,801.0,10.5,24.54,1.0,0.01,0.14800000000000002,0.0,9.5
1041796,CRACKERS/MISC BKD FD BUTTER SPRAY CRACKER (RITZ/CLU,"['crackers', 'misc', 'butter', 'spray', 'cracker', 'ritz', 'clu']","Cracker, sandwich-type, peanut butter filled","['cracker', 'sandwich', 'peanut', 'butter', 'filled']",0.0,494.0,13.468,4.551,4.803,2.3,11.47,801.0,10.5,24.54,1.0,0.01,0.14800000000000002,0.0,9.5
845193,FROZEN PIZZA SNACKS/APPETIZERS,"['pizza', 'snacks', 'appetizers']",Gelatin snacks,"['gelatin', 'snacks']",0.0,139.0,0.0,0.0,0.0,0.0,2.84,172.0,31.37,0.0,0.0,0.0,0.0,0.0,0.0
890695,FROZEN PIZZA SNACKS/APPETIZERS,"['pizza', 'snacks', 'appetizers']",Gelatin snacks,"['gelatin', 'snacks']",0.0,139.0,0.0,0.0,0.0,0.0,2.84,172.0,31.37,0.0,0.0,0.0,0.0,0.0,0.0
907631,FROZEN PIZZA SNACKS/APPETIZERS,"['pizza', 'snacks', 'appetizers']",Gelatin snacks,"['gelatin', 'snacks']",0.0,139.0,0.0,0.0,0.0,0.0,2.84,172.0,31.37,0.0,0.0,0.0,0.0,0.0,0.0
1051516,VEGETABLES - ALL OTHERS BEANS,"['vegetables', 'others', 'beans']","Pizza with beans and vegetables, thin crust","['pizza', 'beans', 'vegetables', 'thin', 'crust']",19.0,226.0,2.359,2.099,4.198,3.3,10.24,532.0,2.75,9.48,57.0,0.38,0.068,0.0,7.7
951412,VEGETABLES - ALL OTHERS ASPARAGUS,"['vegetables', 'others', 'asparagus']","Asparagus, raw","['asparagus', 'raw']",0.0,20.0,0.0,0.05,0.04,2.1,2.2,2.0,1.88,0.12,38.0,0.0,0.091,0.0,41.6
1042438,COOKIES/CONES SANDWICH COOKIES,"['cookies', 'cones', 'sandwich']","Sandwich, NFS","['sandwich', 'nfs']",21.0,301.0,4.601,3.6689999999999996,4.008,1.7,10.47,647.0,5.01,13.79,9.0,0.59,0.15,0.0,8.6
1137688,SQUASH SQUASH ZUCCHINI,"['squash', 'zucchini']","Zucchini, pickled","['zucchini', 'pickled']",0.0,38.0,0.062,0.083,0.067,1.1,1.05,167.0,6.84,0.32,15.0,0.0,0.133,0.0,3.1
9553031,SOUP BROTH,"['soup', 'broth']","Soybean soup, miso broth","['soybean', 'soup', 'miso', 'broth']",4.0,32.0,0.45899999999999996,0.617,0.215,0.4,2.47,610.0,0.89,1.54,1.0,0.12,0.027999999999999997,0.0,3.3
9445919,SOUP BROTH,"['soup', 'broth']","Soybean soup, miso broth","['soybean', 'soup', 'miso', 'broth']",4.0,32.0,0.45899999999999996,0.617,0.215,0.4,2.47,610.0,0.89,1.54,1.0,0.12,0.027999999999999997,0.0,3.3
999270,BACON ECONOMY,['bacon'],Bacon bits,"['bacon', 'bits']",0.0,476.0,6.225,13.548,4.055,10.2,32.0,1770.0,0.0,25.9,0.0,1.2,0.08,0.0,0.0
1042907,BACON PREMIUM,"['bacon', 'premium']",Bacon bits,"['bacon', 'bits']",0.0,476.0,6.225,13.548,4.055,10.2,32.0,1770.0,0.0,25.9,0.0,1.2,0.08,0.0,0.0
8065410,BACON ECONOMY,['bacon'],Bacon bits,"['bacon', 'bits']",0.0,476.0,6.225,13.548,4.055,10.2,32.0,1770.0,0.0,25.9,0.0,1.2,0.08,0.0,0.0
823704,BREAKFAST SAUSAGE/SANDWICHES ROLLS - PORK,"['breakfast', 'sausage', 'sandwiches', 'rolls', 'pork']",Pork sausage,"['pork', 'sausage']",86.0,325.0,11.540999999999999,5.115,8.826,0.0,18.53,814.0,1.09,27.25,28.0,0.98,0.195,0.0,0.0
1094955,MEAT - SHELF STABLE SANDWICH SAUCE,"['meat', 'sandwich', 'sauce']","Meat sandwich, NFS","['meat', 'sandwich', 'nfs']",21.0,301.0,4.601,3.6689999999999996,4.008,1.7,10.47,647.0,5.01,13.79,9.0,0.59,0.15,0.0,8.6
1134522,BAKED SWEET GOODS SNACK CAKE - MULTI PACK,"['baked', 'sweet', 'goods', 'snack', 'cake']","Sweet potato, baked, peel eaten, made with oil","['sweet', 'potato', 'baked', 'peel', 'oil']",0.0,107.0,0.927,1.0,0.353,3.2,1.96,224.0,6.3,2.36,935.0,0.0,0.278,0.0,4.8
856772,BAKED SWEET GOODS SNACK CAKE - MULTI PACK,"['baked', 'sweet', 'goods', 'snack', 'cake']","Sweet potato, baked, peel eaten, made with oil","['sweet', 'potato', 'baked', 'peel', 'oil']",0.0,107.0,0.927,1.0,0.353,3.2,1.96,224.0,6.3,2.36,935.0,0.0,0.278,0.0,4.8
952317,BAKED SWEET GOODS SNACK CAKE - MULTI PACK,"['baked', 'sweet', 'goods', 'snack', 'cake']","Sweet potato, baked, peel eaten, made with oil","['sweet', 'potato', 'baked', 'peel', 'oil']",0.0,107.0,0.927,1.0,0.353,3.2,1.96,224.0,6.3,2.36,935.0,0.0,0.278,0.0,4.8
1040807,CHEESES CHEESE: PROCESSED BULK,"['cheeses', 'cheese', 'processed']","Cheese, processed, with vegetables","['cheese', 'processed', 'vegetables']",94.0,375.0,8.937000000000001,0.988,19.663,0.1,22.13,915.0,0.62,31.2,244.0,0.7,0.071,0.0,2.9
866140,DRY NOODLES/PASTA SPAGHETTI DRY,"['noodles', 'pasta', 'spaghetti']",Flavored pasta,"['flavored', 'pasta']",0.0,87.0,1.004,0.727,0.441,0.4,2.46,174.0,0.99,2.23,19.0,0.0,0.021,0.0,2.2
1057260,FLUID MILK PRODUCTS REFRIGERATED COFFEE CREAMERS,"['milk', 'products', 'refrigerated', 'coffee', 'creamers']","Coffee, Latte, with non-dairy milk","['coffee', 'latte', 'non', 'dairy', 'milk']",0.0,35.0,0.419,0.45899999999999996,0.10099999999999999,0.2,1.28,48.0,4.12,1.07,49.0,0.35,0.013999999999999999,1.17,1.3
1110793,BEANS - CANNED GLASS & MW VARIETY BEANS - KIDNEY PINTO,"['beans', 'glass', 'variety', 'kidney', 'pinto']","Stewed variety meats, Puerto Rican style (mostly liver) (Gandinga)","['stewed', 'variety', 'meats', 'puerto', 'rican', 'style', 'mostly', 'liver', 'gandinga']",201.0,110.0,0.514,0.512,1.254,1.0,15.78,338.0,1.91,2.48,3669.0,27.45,0.48700000000000004,0.0,4.8
912681,VEGETABLES - ALL OTHERS GREENS,"['vegetables', 'others', 'greens']","Chicken or turkey garden salad with cheese (chicken and/or turkey, cheese, lettuce and/or greens, tomato and/or carrots, other vegetables), no dressing","['chicken', 'turkey', 'garden', 'salad', 'cheese', 'lettuce', 'greens', 'tomato', 'carrots', 'vegetables', 'dressing']",32.0,96.0,1.27,0.40299999999999997,2.209,1.2,11.08,105.0,1.1,4.45,189.0,0.2,0.21600000000000003,0.0,80.7
969866,CHICKEN CHICKEN WINGS,"['chicken', 'wings']","Chicken, back","['chicken', 'back']",87.0,298.0,8.221,4.582,5.772,0.0,25.73,409.0,0.0,20.8,104.0,0.27,0.268,0.0,4.9
939636,CHICKEN CHICKEN DRUMS,"['chicken', 'drums']","Chicken, back","['chicken', 'back']",87.0,298.0,8.221,4.582,5.772,0.0,25.73,409.0,0.0,20.8,104.0,0.27,0.268,0.0,4.9
1014948,COOKIES COOKIES: REGULAR,"['cookies', 'regular']","Eggnog, regular","['eggnog', 'regular']",59.0,88.0,1.3019999999999998,0.198,2.591,0.0,4.55,54.0,8.05,4.19,59.0,0.45,0.05,0.0,0.3
1102959,FRZN ICE ICE - CRUSHED/CUBED,"['ice', 'crushed', 'cubed']",Ice pop,"['ice', 'pop']",0.0,79.0,0.051,0.016,0.013000000000000001,0.0,0.0,7.0,13.66,0.24,0.0,0.0,0.0,0.0,0.0
1043751,DELI MEATS MEAT:HAM BULK,"['meats', 'meat', 'ham']","Cheeseburger, 1/4 lb meat, with ham, on bun","['cheeseburger', 'meat', 'ham', 'bun']",56.0,278.0,5.724,1.208,6.568,0.5,18.3,766.0,2.47,15.38,32.0,1.41,0.251,0.0,2.7
1018740,DELI MEATS MEAT:HAM BULK,"['meats', 'meat', 'ham']","Cheeseburger, 1/4 lb meat, with ham, on bun","['cheeseburger', 'meat', 'ham', 'bun']",56.0,278.0,5.724,1.208,6.568,0.5,18.3,766.0,2.47,15.38,32.0,1.41,0.251,0.0,2.7
883003,DELI MEATS MEAT:HAM BULK,"['meats', 'meat', 'ham']","Cheeseburger, 1/4 lb meat, with ham, on bun","['cheeseburger', 'meat', 'ham', 'bun']",56.0,278.0,5.724,1.208,6.568,0.5,18.3,766.0,2.47,15.38,32.0,1.41,0.251,0.0,2.7
854405,MEAT - MISC BREAST - BONELESS(IQF),"['meat', 'misc', 'breast', 'boneless']","Turkey or chicken breast, prepackaged or deli, luncheon meat","['turkey', 'chicken', 'breast', 'prepackaged', 'luncheon', 'meat']",50.0,100.0,0.813,0.503,0.318,0.0,16.33,922.0,3.28,2.37,0.0,0.37,0.41,0.0,0.0
839419,MEAT - MISC BREAST - BONELESS(IQF),"['meat', 'misc', 'breast', 'boneless']","Turkey or chicken breast, prepackaged or deli, luncheon meat","['turkey', 'chicken', 'breast', 'prepackaged', 'luncheon', 'meat']",50.0,100.0,0.813,0.503,0.318,0.0,16.33,922.0,3.28,2.37,0.0,0.37,0.41,0.0,0.0
965267,MELONS WATERMELON SEEDLESS WHOLE,"['melons', 'watermelon', 'seedless']","Grapes, seedless, cooked or canned, in heavy syrup","['grapes', 'seedless', 'cooked', 'heavy', 'syrup']",0.0,76.0,0.004,0.03,0.033,0.6,0.48,5.0,19.05,0.1,3.0,0.0,0.065,0.0,9.8
861445,CHICKEN/POULTRY CHIX: VALUE ADDED (HOT),"['chicken', 'poultry', 'chix', 'value', 'hot']","Frankfurter or hot dog, chicken","['frankfurter', 'hot', 'dog', 'chicken']",101.0,228.0,5.835,3.898,3.785,0.0,16.5,1038.0,3.17,16.16,0.0,0.49,0.275,0.0,0.0
993638,CHICKEN/POULTRY CHIX:FRD 8PC/CUT UP (HOT),"['chicken', 'poultry', 'chix', 'frd', 'hot']","Frankfurter or hot dog, chicken","['frankfurter', 'hot', 'dog', 'chicken']",101.0,228.0,5.835,3.898,3.785,0.0,16.5,1038.0,3.17,16.16,0.0,0.49,0.275,0.0,0.0
1022981,VEGETABLES - SHELF STABLE TOMATO PASTE,"['vegetables', 'tomato', 'paste']",Tomato aspic,"['tomato', 'aspic']",0.0,28.0,0.006,0.023,0.02,0.3,2.57,201.0,3.54,0.25,18.0,0.0,0.059000000000000004,0.0,1.8
835098,POTATOES POTATOES RED (BULK&BAG),"['potatoes', 'red']","Stewed red beans with pig's feet and potatoes, Puerto Rican style","['stewed', 'red', 'beans', 'pig', 'feet', 'potatoes', 'puerto', 'rican', 'style']",33.0,151.0,4.309,1.214,1.945,2.0,9.47,311.0,0.8,8.27,3.0,0.08,0.10800000000000001,0.0,4.4
1126310,CAT FOOD CANNED CAT FOOD (9 LIVES/FRISK,"['cat', 'food', 'lives', 'frisk']","Crackers, baby food","['crackers', 'baby', 'food']",0.0,477.0,15.779000000000002,1.022,1.966,4.0,8.4,571.0,13.0,19.6,179.0,0.0,0.12,7.55,7.1
1128016,MEAT - SHELF STABLE CHILI: CANNED,"['meat', 'chili']",Vegetarian chili (made with meat substitute),"['vegetarian', 'chili', 'meat', 'substitute']",0.0,107.0,0.8390000000000001,1.361,0.48700000000000004,4.4,7.44,248.0,2.55,2.93,19.0,0.41,0.309,0.0,5.1
897125,CHEESE GRATED CHEESE,"['cheese', 'grated']","Cheese, Parmesan, dry grated","['cheese', 'parmesan', 'grated']",86.0,420.0,7.13,1.386,15.370999999999999,0.0,28.42,1804.0,0.07,27.84,262.0,1.4,0.081,0.0,1.7
865456,CHEESE LOAF CHEESE,"['cheese', 'loaf']",Ham and cheese loaf,"['ham', 'cheese', 'loaf']",58.0,241.0,8.59,2.022,6.966,0.0,13.6,1000.0,0.0,18.7,0.0,0.81,0.26,0.0,0.0
867188,FROZEN PIE/DESSERTS FRZN WHIPPED TOPPING,"['pie', 'desserts', 'whipped', 'topping']","Ice cream pie, with cookie crust, fudge topping, and whipped cream","['ice', 'cream', 'pie', 'cookie', 'crust', 'fudge', 'topping', 'whipped']",24.0,303.0,5.6610000000000005,0.63,6.648,1.4,3.96,214.0,24.01,13.84,63.0,0.21,0.043,0.0,4.9
995876,FROZEN BREAD/DOUGH FRZN GARLIC BREAD/TOAST/STICKS,"['bread', 'dough', 'garlic', 'toast', 'sticks']","Bread, garlic","['bread', 'garlic']",0.0,380.0,5.075,5.91,5.74,2.7,9.09,591.0,4.01,18.05,13.0,0.09,0.081,0.0,32.1
1096343,FRZN VEGETABLE/VEG DSH FRZN BAGGED VEGETABLES - PLAIN,"['vegetable', 'veg', 'dsh', 'bagged', 'vegetables', 'plain']",Vegetable tempura,"['vegetable', 'tempura']",36.0,228.0,6.272,6.018,2.295,1.6,3.6,12.0,1.52,15.19,60.0,0.06,0.098,0.0,28.0
905539,DINNER SAUSAGE SMOKED/COOKED,"['dinner', 'sausage', 'smoked', 'cooked']","Frozen dinner, NFS","['dinner', 'nfs']",40.0,147.0,2.958,0.39,4.178,1.3,6.93,267.0,1.62,8.42,46.0,0.61,0.17800000000000002,0.0,4.2
905913,VEGETABLES - SHELF STABLE TOMATOES: STEWED/DICED/CRMD,"['vegetables', 'tomatoes', 'stewed', 'diced', 'crmd']","Lettuce, salad with assorted vegetables including tomatoes and/or carrots, no dressing","['lettuce', 'salad', 'assorted', 'vegetables', 'including', 'tomatoes', 'carrots', 'dressing']",0.0,21.0,0.013999999999999999,0.092,0.037000000000000005,1.8,1.2,30.0,1.88,0.2,231.0,0.0,0.087,0.0,107.1
