PRODUCT_ID,dunn_name,dunn_ingredients,nut_name,nut_ingredients,cholesterol,energy,fatty acids total monounsaturated,fatty acids total polyunsaturated,fatty acids total saturated,fiber,protein,sodium,sugars,total lipid,vitamin a,vitamin b-12,vitamin b-6,vitamin e,vitamin k
1082185,TROPICAL FRUIT BANANAS,"['tropic', 'fruit', 'banana']","Fruit salad, Puerto Rican style (Mixture includes bananas, papayas, oranges, etc.) (Ensalada de frutas tropicales)","['fruit', 'salad', 'puerto', 'rican', 'style', 'mixtur', 'includ', 'banana', 'papaya', 'orang', 'etc', 'ensalada', 'fruta', 'tropical']",0.0,58.0,0.033,0.057999999999999996,0.05,1.5,0.7,4.0,10.84,0.21,39.0,0.0,0.121,0.0,0.9
995242,FLUID MILK PRODUCTS FLUID MILK WHITE ONLY,"['milk', 'product']","Milk, whole",['milk'],10.0,61.0,0.812,0.195,1.865,0.0,3.15,43.0,5.05,3.25,46.0,0.45,0.036000000000000004,0.0,0.3
1029743,FLUID MILK PRODUCTS FLUID MILK WHITE ONLY,"['milk', 'product']","Milk, whole",['milk'],10.0,61.0,0.812,0.195,1.865,0.0,3.15,43.0,5.05,3.25,46.0,0.45,0.036000000000000004,0.0,0.3
1133018,FLUID MILK PRODUCTS FLUID MILK WHITE ONLY,"['milk', 'product']","Milk, whole",['milk'],10.0,61.0,0.812,0.195,1.865,0.0,3.15,43.0,5.05,3.25,46.0,0.45,0.036000000000000004,0.0,0.3
1106523,FLUID MILK PRODUCTS FLUID MILK WHITE ONLY,"['milk', 'product']","Milk, whole",['milk'],10.0,61.0,0.812,0.195,1.865,0.0,3.15,43.0,5.05,3.25,46.0,0.45,0.036000000000000004,0.0,0.3
862349,FLUID MILK PRODUCTS FLUID MILK WHITE ONLY,"['milk', 'product']","Milk, whole",['milk'],10.0,61.0,0.812,0.195,1.865,0.0,3.15,43.0,5.05,3.25,46.0,0.45,0.036000000000000004,0.0,0.3
1058997,FLUID MILK PRODUCTS FLUID MILK WHITE ONLY,"['milk', 'product']","Milk, whole",['milk'],10.0,61.0,0.812,0.195,1.865,0.0,3.15,43.0,5.05,3.25,46.0,0.45,0.036000000000000004,0.0,0.3
1126899,FLUID MILK PRODUCTS FLUID MILK WHITE ONLY,"['milk', 'product']","Milk, whole",['milk'],10.0,61.0,0.812,0.195,1.865,0.0,3.15,43.0,5.05,3.25,46.0,0.45,0.036000000000000004,0.0,0.3
1070820,FLUID MILK PRODUCTS FLUID MILK WHITE ONLY,"['milk', 'product']","Milk, whole",['milk'],10.0,61.0,0.812,0.195,1.865,0.0,3.15,43.0,5.05,3.25,46.0,0.45,0.036000000000000004,0.0,0.3
981760,EGGS EGGS - X-LARGE,"['egg', 'larg']","Egg, Benedict","['egg', 'benedict']",243.0,287.0,7.341,2.2969999999999997,11.35,0.6,12.65,489.0,0.97,22.55,206.0,0.51,0.18600000000000003,0.0,3.5
840361,EGGS EGGS - LARGE,"['egg', 'larg']","Egg, Benedict","['egg', 'benedict']",243.0,287.0,7.341,2.2969999999999997,11.35,0.6,12.65,489.0,0.97,22.55,206.0,0.51,0.18600000000000003,0.0,3.5
923746,EGGS EGGS - LARGE,"['egg', 'larg']","Egg, Benedict","['egg', 'benedict']",243.0,287.0,7.341,2.2969999999999997,11.35,0.6,12.65,489.0,0.97,22.55,206.0,0.51,0.18600000000000003,0.0,3.5
994928,EGGS EGGS - MEDIUM,"['egg', 'medium']","Egg, Benedict","['egg', 'benedict']",243.0,287.0,7.341,2.2969999999999997,11.35,0.6,12.65,489.0,0.97,22.55,206.0,0.51,0.18600000000000003,0.0,3.5
861272,EGGS EGGS - LARGE,"['egg', 'larg']","Egg, Benedict","['egg', 'benedict']",243.0,287.0,7.341,2.2969999999999997,11.35,0.6,12.65,489.0,0.97,22.55,206.0,0.51,0.18600000000000003,0.0,3.5
1007195,CORN CORN YELLOW,"['corn', 'yellow']","Corn, yellow, cooked, from frozen, made with oil","['corn', 'yellow', 'cook', 'oil']",0.0,102.0,1.3130000000000002,1.411,0.466,2.3,2.47,230.0,2.97,3.33,10.0,0.0,0.096,0.0,3.4
883404,BAKED BREAD/BUNS/ROLLS MAINSTREAM WHITE BREAD,"['bake', 'bread', 'bun', 'roll', 'mainstream']","Goat, baked","['goat', 'bake']",74.0,142.0,1.349,0.228,0.922,0.0,26.87,408.0,0.0,3.0,0.0,1.18,0.0,0.0,1.2
951590,BAKED BREAD/BUNS/ROLLS MAINSTREAM WHITE BREAD,"['bake', 'bread', 'bun', 'roll', 'mainstream']","Goat, baked","['goat', 'bake']",74.0,142.0,1.349,0.228,0.922,0.0,26.87,408.0,0.0,3.0,0.0,1.18,0.0,0.0,1.2
826249,BAKED BREAD/BUNS/ROLLS HAMBURGER BUNS,"['bake', 'bread', 'bun', 'roll', 'hamburg']","Goat, baked","['goat', 'bake']",74.0,142.0,1.349,0.228,0.922,0.0,26.87,408.0,0.0,3.0,0.0,1.18,0.0,0.0,1.2
1098066,BAKED BREAD/BUNS/ROLLS HOT DOG BUNS,"['bake', 'bread', 'bun', 'roll', 'hot', 'dog']","Goat, baked","['goat', 'bake']",74.0,142.0,1.349,0.228,0.922,0.0,26.87,408.0,0.0,3.0,0.0,1.18,0.0,0.0,1.2
849843,BAKED BREAD/BUNS/ROLLS MAINSTREAM WHEAT/MULTIGRAIN BR,"['bake', 'bread', 'bun', 'roll', 'mainstream', 'wheat', 'multigrain']","Goat, baked","['goat', 'bake']",74.0,142.0,1.349,0.228,0.922,0.0,26.87,408.0,0.0,3.0,0.0,1.18,0.0,0.0,1.2
962229,BAKED BREAD/BUNS/ROLLS MAINSTREAM WHITE BREAD,"['bake', 'bread', 'bun', 'roll', 'mainstream']","Goat, baked","['goat', 'bake']",74.0,142.0,1.349,0.228,0.922,0.0,26.87,408.0,0.0,3.0,0.0,1.18,0.0,0.0,1.2
999971,BAKED BREAD/BUNS/ROLLS MAINSTREAM WHITE BREAD,"['bake', 'bread', 'bun', 'roll', 'mainstream']","Goat, baked","['goat', 'bake']",74.0,142.0,1.349,0.228,0.922,0.0,26.87,408.0,0.0,3.0,0.0,1.18,0.0,0.0,1.2
873627,BAKED BREAD/BUNS/ROLLS MAINSTREAM WHITE BREAD,"['bake', 'bread', 'bun', 'roll', 'mainstream']","Goat, baked","['goat', 'bake']",74.0,142.0,1.349,0.228,0.922,0.0,26.87,408.0,0.0,3.0,0.0,1.18,0.0,0.0,1.2
1015247,BAKED BREAD/BUNS/ROLLS MAINSTREAM WHITE BREAD,"['bake', 'bread', 'bun', 'roll', 'mainstream']","Goat, baked","['goat', 'bake']",74.0,142.0,1.349,0.228,0.922,0.0,26.87,408.0,0.0,3.0,0.0,1.18,0.0,0.0,1.2
1048462,BAKED BREAD/BUNS/ROLLS MAINSTREAM WHITE BREAD,"['bake', 'bread', 'bun', 'roll', 'mainstream']","Goat, baked","['goat', 'bake']",74.0,142.0,1.349,0.228,0.922,0.0,26.87,408.0,0.0,3.0,0.0,1.18,0.0,0.0,1.2
885290,BAKED BREAD/BUNS/ROLLS MAINSTREAM WHEAT/MULTIGRAIN BR,"['bake', 'bread', 'bun', 'roll', 'mainstream', 'wheat', 'multigrain']","Goat, baked","['goat', 'bake']",74.0,142.0,1.349,0.228,0.922,0.0,26.87,408.0,0.0,3.0,0.0,1.18,0.0,0.0,1.2
12263788,BAKED BREAD/BUNS/ROLLS MAINSTREAM WHITE BREAD,"['bake', 'bread', 'bun', 'roll', 'mainstream']","Goat, baked","['goat', 'bake']",74.0,142.0,1.349,0.228,0.922,0.0,26.87,408.0,0.0,3.0,0.0,1.18,0.0,0.0,1.2
866227,BREAKFAST SWEETS SW GDS:DONUTS,"['breakfast', 'sweet', 'donut']","Tamale, sweet","['tamal', 'sweet']",0.0,257.0,5.02,3.6919999999999997,3.029,2.3,2.22,265.0,15.44,12.52,0.0,0.0,0.11199999999999999,0.0,6.5
979707,ONIONS ONIONS SWEET (BULK&BAG),"['onion', 'sweet']","Tamale, sweet","['tamal', 'sweet']",0.0,257.0,5.02,3.6919999999999997,3.029,2.3,2.22,265.0,15.44,12.52,0.0,0.0,0.11199999999999999,0.0,6.5
1033142,ONIONS ONIONS SWEET (BULK&BAG),"['onion', 'sweet']","Tamale, sweet","['tamal', 'sweet']",0.0,257.0,5.02,3.6919999999999997,3.029,2.3,2.22,265.0,15.44,12.52,0.0,0.0,0.11199999999999999,0.0,6.5
995785,PEPPERS-ALL PEPPERS GREEN BELL,"['pepper', 'green', 'bell']",Stuffed green pepper (frozen meal),"['stuf', 'green', 'pepper', 'meal']",12.0,94.0,1.734,0.8270000000000001,1.297,1.2,4.88,290.0,2.23,4.38,35.0,0.39,0.152,0.0,26.0
5569230,SOFT DRINKS SOFT DRINKS 12/18&15PK CAN CAR,"['soft', 'drink', 'car']","Soft drink, NFS","['soft', 'drink', 'nf']",0.0,42.0,0.0,0.0,0.0,0.0,0.0,3.0,9.94,0.25,0.0,0.0,0.0,0.0,0.0
1053690,SOFT DRINKS SFT DRNK 2 LITER BTL CARB INCL,"['soft', 'drink', 'soft', 'drnk', 'liter', 'carb', 'incl']","Soft drink, NFS","['soft', 'drink', 'nf']",0.0,42.0,0.0,0.0,0.0,0.0,0.0,3.0,9.94,0.25,0.0,0.0,0.0,0.0,0.0
844165,SOFT DRINKS SFT DRNK 2 LITER BTL CARB INCL,"['soft', 'drink', 'soft', 'drnk', 'liter', 'carb', 'incl']","Soft drink, NFS","['soft', 'drink', 'nf']",0.0,42.0,0.0,0.0,0.0,0.0,0.0,3.0,9.94,0.25,0.0,0.0,0.0,0.0,0.0
5569471,SOFT DRINKS SOFT DRINKS 12/18&15PK CAN CAR,"['soft', 'drink', 'car']","Soft drink, NFS","['soft', 'drink', 'nf']",0.0,42.0,0.0,0.0,0.0,0.0,0.0,3.0,9.94,0.25,0.0,0.0,0.0,0.0,0.0
8090521,SOFT DRINKS SOFT DRINKS 12/18&15PK CAN CAR,"['soft', 'drink', 'car']","Soft drink, NFS","['soft', 'drink', 'nf']",0.0,42.0,0.0,0.0,0.0,0.0,0.0,3.0,9.94,0.25,0.0,0.0,0.0,0.0,0.0
1092026,SOFT DRINKS SFT DRNK 2 LITER BTL CARB INCL,"['soft', 'drink', 'soft', 'drnk', 'liter', 'carb', 'incl']","Soft drink, NFS","['soft', 'drink', 'nf']",0.0,42.0,0.0,0.0,0.0,0.0,0.0,3.0,9.94,0.25,0.0,0.0,0.0,0.0,0.0
8090537,SOFT DRINKS SOFT DRINKS 12/18&15PK CAN CAR,"['soft', 'drink', 'car']","Soft drink, NFS","['soft', 'drink', 'nf']",0.0,42.0,0.0,0.0,0.0,0.0,0.0,3.0,9.94,0.25,0.0,0.0,0.0,0.0,0.0
1085604,SOFT DRINKS SFT DRNK SNGL SRV BTL CARB (EX,"['soft', 'drink', 'soft', 'drnk', 'sngl', 'carb']","Soft drink, NFS","['soft', 'drink', 'nf']",0.0,42.0,0.0,0.0,0.0,0.0,0.0,3.0,9.94,0.25,0.0,0.0,0.0,0.0,0.0
1053763,PWDR/CRYSTL DRNK MX SOFT DRINK POWDER POUCHES,"['powder', 'crystl', 'drnk', 'soft', 'drink', 'powder']","Soft drink, NFS","['soft', 'drink', 'nf']",0.0,42.0,0.0,0.0,0.0,0.0,0.0,3.0,9.94,0.25,0.0,0.0,0.0,0.0,0.0
868764,SOFT DRINKS SFT DRNK 2 LITER BTL CARB INCL,"['soft', 'drink', 'soft', 'drnk', 'liter', 'carb', 'incl']","Soft drink, NFS","['soft', 'drink', 'nf']",0.0,42.0,0.0,0.0,0.0,0.0,0.0,3.0,9.94,0.25,0.0,0.0,0.0,0.0,0.0
1120741,SOFT DRINKS SFT DRNK 2 LITER BTL CARB INCL,"['soft', 'drink', 'soft', 'drnk', 'liter', 'carb', 'incl']","Soft drink, NFS","['soft', 'drink', 'nf']",0.0,42.0,0.0,0.0,0.0,0.0,0.0,3.0,9.94,0.25,0.0,0.0,0.0,0.0,0.0
893501,SOFT DRINKS SFT DRNK 2 LITER BTL CARB INCL,"['soft', 'drink', 'soft', 'drnk', 'liter', 'carb', 'incl']","Soft drink, NFS","['soft', 'drink', 'nf']",0.0,42.0,0.0,0.0,0.0,0.0,0.0,3.0,9.94,0.25,0.0,0.0,0.0,0.0,0.0
879755,SOFT DRINKS SFT DRNK SNGL SRV BTL CARB (EX,"['soft', 'drink', 'soft', 'drnk', 'sngl', 'carb']","Soft drink, NFS","['soft', 'drink', 'nf']",0.0,42.0,0.0,0.0,0.0,0.0,0.0,3.0,9.94,0.25,0.0,0.0,0.0,0.0,0.0
989075,PWDR/CRYSTL DRNK MX SOFT DRINK POWDER POUCHES,"['powder', 'crystl', 'drnk', 'soft', 'drink', 'powder']","Soft drink, NFS","['soft', 'drink', 'nf']",0.0,42.0,0.0,0.0,0.0,0.0,0.0,3.0,9.94,0.25,0.0,0.0,0.0,0.0,0.0
951526,PWDR/CRYSTL DRNK MX SOFT DRINK POWDER POUCHES,"['powder', 'crystl', 'drnk', 'soft', 'drink', 'powder']","Soft drink, NFS","['soft', 'drink', 'nf']",0.0,42.0,0.0,0.0,0.0,0.0,0.0,3.0,9.94,0.25,0.0,0.0,0.0,0.0,0.0
916381,SOFT DRINKS SFT DRNK 2 LITER BTL CARB INCL,"['soft', 'drink', 'soft', 'drnk', 'liter', 'carb', 'incl']","Soft drink, NFS","['soft', 'drink', 'nf']",0.0,42.0,0.0,0.0,0.0,0.0,0.0,3.0,9.94,0.25,0.0,0.0,0.0,0.0,0.0
5569845,SOFT DRINKS SOFT DRINKS 12/18&15PK CAN CAR,"['soft', 'drink', 'car']","Soft drink, NFS","['soft', 'drink', 'nf']",0.0,42.0,0.0,0.0,0.0,0.0,0.0,3.0,9.94,0.25,0.0,0.0,0.0,0.0,0.0
1110572,SOFT DRINKS SFT DRNK MLT-PK BTL CARB (EXCP,"['soft', 'drink', 'soft', 'drnk', 'mlt', 'carb', 'excp']","Soft drink, NFS","['soft', 'drink', 'nf']",0.0,42.0,0.0,0.0,0.0,0.0,0.0,3.0,9.94,0.25,0.0,0.0,0.0,0.0,0.0
824555,PWDR/CRYSTL DRNK MX SOFT DRINK POWDER POUCHES,"['powder', 'crystl', 'drnk', 'soft', 'drink', 'powder']","Soft drink, NFS","['soft', 'drink', 'nf']",0.0,42.0,0.0,0.0,0.0,0.0,0.0,3.0,9.94,0.25,0.0,0.0,0.0,0.0,0.0
1050131,PWDR/CRYSTL DRNK MX SOFT DRINK POWDER POUCHES,"['powder', 'crystl', 'drnk', 'soft', 'drink', 'powder']","Soft drink, NFS","['soft', 'drink', 'nf']",0.0,42.0,0.0,0.0,0.0,0.0,0.0,3.0,9.94,0.25,0.0,0.0,0.0,0.0,0.0
900491,PWDR/CRYSTL DRNK MX SOFT DRINK POWDER POUCHES,"['powder', 'crystl', 'drnk', 'soft', 'drink', 'powder']","Soft drink, NFS","['soft', 'drink', 'nf']",0.0,42.0,0.0,0.0,0.0,0.0,0.0,3.0,9.94,0.25,0.0,0.0,0.0,0.0,0.0
5569374,SOFT DRINKS SOFT DRINKS 12/18&15PK CAN CAR,"['soft', 'drink', 'car']","Soft drink, NFS","['soft', 'drink', 'nf']",0.0,42.0,0.0,0.0,0.0,0.0,0.0,3.0,9.94,0.25,0.0,0.0,0.0,0.0,0.0
882441,SOFT DRINKS SFT DRNK 2 LITER BTL CARB INCL,"['soft', 'drink', 'soft', 'drnk', 'liter', 'carb', 'incl']","Soft drink, NFS","['soft', 'drink', 'nf']",0.0,42.0,0.0,0.0,0.0,0.0,0.0,3.0,9.94,0.25,0.0,0.0,0.0,0.0,0.0
911215,PWDR/CRYSTL DRNK MX SOFT DRINK POWDER POUCHES,"['powder', 'crystl', 'drnk', 'soft', 'drink', 'powder']","Soft drink, NFS","['soft', 'drink', 'nf']",0.0,42.0,0.0,0.0,0.0,0.0,0.0,3.0,9.94,0.25,0.0,0.0,0.0,0.0,0.0
8090532,SOFT DRINKS SOFT DRINKS 12/18&15PK CAN CAR,"['soft', 'drink', 'car']","Soft drink, NFS","['soft', 'drink', 'nf']",0.0,42.0,0.0,0.0,0.0,0.0,0.0,3.0,9.94,0.25,0.0,0.0,0.0,0.0,0.0
1132770,SOFT DRINKS SFT DRNK 2 LITER BTL CARB INCL,"['soft', 'drink', 'soft', 'drnk', 'liter', 'carb', 'incl']","Soft drink, NFS","['soft', 'drink', 'nf']",0.0,42.0,0.0,0.0,0.0,0.0,0.0,3.0,9.94,0.25,0.0,0.0,0.0,0.0,0.0
862732,SOFT DRINKS SFT DRNK 2 LITER BTL CARB INCL,"['soft', 'drink', 'soft', 'drnk', 'liter', 'carb', 'incl']","Soft drink, NFS","['soft', 'drink', 'nf']",0.0,42.0,0.0,0.0,0.0,0.0,0.0,3.0,9.94,0.25,0.0,0.0,0.0,0.0,0.0
947798,SOFT DRINKS SOFT DRINKS 12/18&15PK CAN CAR,"['soft', 'drink', 'car']","Soft drink, NFS","['soft', 'drink', 'nf']",0.0,42.0,0.0,0.0,0.0,0.0,0.0,3.0,9.94,0.25,0.0,0.0,0.0,0.0,0.0
1036501,SOFT DRINKS SFT DRNK 2 LITER BTL CARB INCL,"['soft', 'drink', 'soft', 'drnk', 'liter', 'carb', 'incl']","Soft drink, NFS","['soft', 'drink', 'nf']",0.0,42.0,0.0,0.0,0.0,0.0,0.0,3.0,9.94,0.25,0.0,0.0,0.0,0.0,0.0
1076875,SOFT DRINKS SFT DRNK 2 LITER BTL CARB INCL,"['soft', 'drink', 'soft', 'drnk', 'liter', 'carb', 'incl']","Soft drink, NFS","['soft', 'drink', 'nf']",0.0,42.0,0.0,0.0,0.0,0.0,0.0,3.0,9.94,0.25,0.0,0.0,0.0,0.0,0.0
1074524,SOFT DRINKS SFT DRNK 2 LITER BTL CARB INCL,"['soft', 'drink', 'soft', 'drnk', 'liter', 'carb', 'incl']","Soft drink, NFS","['soft', 'drink', 'nf']",0.0,42.0,0.0,0.0,0.0,0.0,0.0,3.0,9.94,0.25,0.0,0.0,0.0,0.0,0.0
972742,PWDR/CRYSTL DRNK MX SOFT DRINK POWDER POUCHES,"['powder', 'crystl', 'drnk', 'soft', 'drink', 'powder']","Soft drink, NFS","['soft', 'drink', 'nf']",0.0,42.0,0.0,0.0,0.0,0.0,0.0,3.0,9.94,0.25,0.0,0.0,0.0,0.0,0.0
1036432,PWDR/CRYSTL DRNK MX SOFT DRINK POWDER POUCHES,"['powder', 'crystl', 'drnk', 'soft', 'drink', 'powder']","Soft drink, NFS","['soft', 'drink', 'nf']",0.0,42.0,0.0,0.0,0.0,0.0,0.0,3.0,9.94,0.25,0.0,0.0,0.0,0.0,0.0
839849,SOFT DRINKS SFT DRNK 2 LITER BTL CARB INCL,"['soft', 'drink', 'soft', 'drnk', 'liter', 'carb', 'incl']","Soft drink, NFS","['soft', 'drink', 'nf']",0.0,42.0,0.0,0.0,0.0,0.0,0.0,3.0,9.94,0.25,0.0,0.0,0.0,0.0,0.0
1107553,SOFT DRINKS SFT DRNK SNGL SRV BTL CARB (EX,"['soft', 'drink', 'soft', 'drnk', 'sngl', 'carb']","Soft drink, NFS","['soft', 'drink', 'nf']",0.0,42.0,0.0,0.0,0.0,0.0,0.0,3.0,9.94,0.25,0.0,0.0,0.0,0.0,0.0
860776,VEGETABLES - ALL OTHERS CUCUMBERS,"['veget', 'other', 'cucumb']",Cucumber and vegetable namasu,"['cucumb', 'veget', 'namasu']",0.0,54.0,0.006,0.032,0.026000000000000002,0.6,0.48,118.0,10.78,0.09,98.0,0.0,0.039,0.0,10.7
1127831,BERRIES STRAWBERRIES,"['berri', 'strawberri']","Pie, berry, not blackberry, blueberry, boysenberry, huckleberry, raspberry, or strawberry; two crust","['pie', 'berri', 'blackberri', 'blueberri', 'boysenberri', 'huckleberri', 'raspberri', 'strawberri', 'two', 'crust']",0.0,289.0,5.696000000000001,3.9419999999999997,3.313,2.1,2.6,233.0,17.32,13.78,17.0,0.0,0.033,0.0,10.3
1135476,BERRIES STRAWBERRIES,"['berri', 'strawberri']","Pie, berry, not blackberry, blueberry, boysenberry, huckleberry, raspberry, or strawberry; two crust","['pie', 'berri', 'blackberri', 'blueberri', 'boysenberri', 'huckleberri', 'raspberri', 'strawberri', 'two', 'crust']",0.0,289.0,5.696000000000001,3.9419999999999997,3.313,2.1,2.6,233.0,17.32,13.78,17.0,0.0,0.033,0.0,10.3
908531,FLUID MILK PRODUCTS CHOCOLATE MILK,"['milk', 'product', 'chocol']","Chocolate milk, made from dry mix, NS as to type of milk","['chocol', 'milk']",7.0,71.0,0.47600000000000003,0.08800000000000001,1.2229999999999999,0.3,3.35,50.0,9.8,1.93,50.0,0.46,0.091,0.0,0.2
983584,FLUID MILK PRODUCTS CHOCOLATE MILK,"['milk', 'product', 'chocol']","Chocolate milk, made from dry mix, NS as to type of milk","['chocol', 'milk']",7.0,71.0,0.47600000000000003,0.08800000000000001,1.2229999999999999,0.3,3.35,50.0,9.8,1.93,50.0,0.46,0.091,0.0,0.2
916122,CHICKEN CHICKEN BREAST BONELESS,"['chicken', 'breast', 'boneless']","Chicken, breast, stewed, NS as to skin eaten","['chicken', 'breast', 'stew', 'skin']",100.0,165.0,0.97,0.584,0.7909999999999999,0.0,30.98,495.0,0.0,3.88,10.0,0.14,0.564,0.0,0.0
985999,CHICKEN CHICKEN BREAST BONE IN,"['chicken', 'breast', 'bone']","Chicken, breast, stewed, NS as to skin eaten","['chicken', 'breast', 'stew', 'skin']",100.0,165.0,0.97,0.584,0.7909999999999999,0.0,30.98,495.0,0.0,3.88,10.0,0.14,0.564,0.0,0.0
897954,CHICKEN CHICKEN BREAST BONELESS,"['chicken', 'breast', 'boneless']","Chicken, breast, stewed, NS as to skin eaten","['chicken', 'breast', 'stew', 'skin']",100.0,165.0,0.97,0.584,0.7909999999999999,0.0,30.98,495.0,0.0,3.88,10.0,0.14,0.564,0.0,0.0
820165,CITRUS ORANGES NAVELS ALL,"['citru', 'orang', 'navel']","Sorbet, fruit, citrus flavor","['sorbet', 'fruit', 'citru', 'flavor']",0.0,95.0,0.0,0.0,0.0,0.1,0.5,8.0,19.99,0.0,1.0,0.0,0.018000000000000002,0.0,0.1
986947,CITRUS ORANGES NAVELS ALL,"['citru', 'orang', 'navel']","Sorbet, fruit, citrus flavor","['sorbet', 'fruit', 'citru', 'flavor']",0.0,95.0,0.0,0.0,0.0,0.1,0.5,8.0,19.99,0.0,1.0,0.0,0.018000000000000002,0.0,0.1
908846,CITRUS LIMES,"['citru', 'lime']","Sorbet, fruit, citrus flavor","['sorbet', 'fruit', 'citru', 'flavor']",0.0,95.0,0.0,0.0,0.0,0.1,0.5,8.0,19.99,0.0,1.0,0.0,0.018000000000000002,0.0,0.1
847270,CITRUS LEMONS,"['citru', 'lemon']","Sorbet, fruit, citrus flavor","['sorbet', 'fruit', 'citru', 'flavor']",0.0,95.0,0.0,0.0,0.0,0.1,0.5,8.0,19.99,0.0,1.0,0.0,0.018000000000000002,0.0,0.1
1044078,BEEF LEAN,"['beef', 'lean']","Beef, NS as to cut, cooked, lean only eaten","['beef', 'cook', 'lean']",81.0,184.0,2.926,0.33299999999999996,2.6430000000000002,0.0,29.23,387.0,0.0,6.75,1.0,1.98,0.6759999999999999,0.0,1.5
1106301,BEEF LEAN,"['beef', 'lean']","Beef, NS as to cut, cooked, lean only eaten","['beef', 'cook', 'lean']",81.0,184.0,2.926,0.33299999999999996,2.6430000000000002,0.0,29.23,387.0,0.0,6.75,1.0,1.98,0.6759999999999999,0.0,1.5
12301100,BEEF LEAN,"['beef', 'lean']","Beef, NS as to cut, cooked, lean only eaten","['beef', 'cook', 'lean']",81.0,184.0,2.926,0.33299999999999996,2.6430000000000002,0.0,29.23,387.0,0.0,6.75,1.0,1.98,0.6759999999999999,0.0,1.5
844179,BEEF PRIMAL,"['beef', 'primal']",Beef goulash,"['beef', 'goulash']",35.0,102.0,1.8619999999999999,0.28800000000000003,1.135,0.4,13.69,223.0,1.07,3.78,5.0,0.83,0.225,0.0,1.6
999858,BEEF PRIMAL,"['beef', 'primal']",Beef goulash,"['beef', 'goulash']",35.0,102.0,1.8619999999999999,0.28800000000000003,1.135,0.4,13.69,223.0,1.07,3.78,5.0,0.83,0.225,0.0,1.6
874972,BEEF SELECT BEEF,"['beef', 'select']",Beef goulash,"['beef', 'goulash']",35.0,102.0,1.8619999999999999,0.28800000000000003,1.135,0.4,13.69,223.0,1.07,3.78,5.0,0.83,0.225,0.0,1.6
1050851,BEEF PRIMAL,"['beef', 'primal']",Beef goulash,"['beef', 'goulash']",35.0,102.0,1.8619999999999999,0.28800000000000003,1.135,0.4,13.69,223.0,1.07,3.78,5.0,0.83,0.225,0.0,1.6
1070702,BEEF NATURAL BEEF,"['beef', 'natur']",Beef goulash,"['beef', 'goulash']",35.0,102.0,1.8619999999999999,0.28800000000000003,1.135,0.4,13.69,223.0,1.07,3.78,5.0,0.83,0.225,0.0,1.6
1000753,BEEF SELECT BEEF,"['beef', 'select']",Beef goulash,"['beef', 'goulash']",35.0,102.0,1.8619999999999999,0.28800000000000003,1.135,0.4,13.69,223.0,1.07,3.78,5.0,0.83,0.225,0.0,1.6
863447,BEEF CHOICE BEEF,"['beef', 'choic']",Beef goulash,"['beef', 'goulash']",35.0,102.0,1.8619999999999999,0.28800000000000003,1.135,0.4,13.69,223.0,1.07,3.78,5.0,0.83,0.225,0.0,1.6
12301109,BEEF PRIMAL,"['beef', 'primal']",Beef goulash,"['beef', 'goulash']",35.0,102.0,1.8619999999999999,0.28800000000000003,1.135,0.4,13.69,223.0,1.07,3.78,5.0,0.83,0.225,0.0,1.6
961554,CARROTS CARROTS MINI PEELED,"['carrot', 'mini', 'peel']","Carrot juice, 100%","['carrot', 'juic']",0.0,40.0,0.006999999999999999,0.071,0.027000000000000003,0.8,0.95,66.0,3.91,0.15,956.0,0.0,0.217,0.0,15.5
857503,CARROTS CARROTS MINI PEELED,"['carrot', 'mini', 'peel']","Carrot juice, 100%","['carrot', 'juic']",0.0,40.0,0.006999999999999999,0.071,0.027000000000000003,0.8,0.95,66.0,3.91,0.15,956.0,0.0,0.217,0.0,15.5
900802,CARROTS CARROTS BAGGED,"['carrot', 'bag']","Carrot juice, 100%","['carrot', 'juic']",0.0,40.0,0.006999999999999999,0.071,0.027000000000000003,0.8,0.95,66.0,3.91,0.15,956.0,0.0,0.217,0.0,15.5
904360,VEGETABLES SALAD HEAD LETTUCE,"['veget', 'salad', 'head', 'lettuc']","Lettuce, salad with assorted vegetables including tomatoes and/or carrots, no dressing","['lettuc', 'salad', 'assort', 'veget', 'includ', 'tomato', 'carrot', 'dress']",0.0,21.0,0.013999999999999999,0.092,0.037000000000000005,1.8,1.2,30.0,1.88,0.2,231.0,0.0,0.087,0.0,107.1
1055646,VEGETABLES SALAD HEAD LETTUCE,"['veget', 'salad', 'head', 'lettuc']","Lettuce, salad with assorted vegetables including tomatoes and/or carrots, no dressing","['lettuc', 'salad', 'assort', 'veget', 'includ', 'tomato', 'carrot', 'dress']",0.0,21.0,0.013999999999999999,0.092,0.037000000000000005,1.8,1.2,30.0,1.88,0.2,231.0,0.0,0.087,0.0,107.1
1119051,VEGETABLES SALAD VARIETY LETTUCE,"['veget', 'salad', 'varieti', 'lettuc']","Lettuce, salad with assorted vegetables including tomatoes and/or carrots, no dressing","['lettuc', 'salad', 'assort', 'veget', 'includ', 'tomato', 'carrot', 'dress']",0.0,21.0,0.013999999999999999,0.092,0.037000000000000005,1.8,1.2,30.0,1.88,0.2,231.0,0.0,0.087,0.0,107.1
1005186,SALAD BAR SALAD BAR FRESH FRUIT,"['salad', 'bar', 'fresh', 'fruit']","Fruit salad, fresh or raw, (excluding citrus fruits), no dressing","['fruit', 'salad', 'fresh', 'raw', 'exclud', 'citru', 'fruit', 'dress']",0.0,53.0,0.025,0.09,0.057,1.7,0.7,3.0,9.59,0.26,25.0,0.0,0.128,0.0,3.3
1110843,SALAD BAR SALAD BAR FRESH FRUIT,"['salad', 'bar', 'fresh', 'fruit']","Fruit salad, fresh or raw, (excluding citrus fruits), no dressing","['fruit', 'salad', 'fresh', 'raw', 'exclud', 'citru', 'fruit', 'dress']",0.0,53.0,0.025,0.09,0.057,1.7,0.7,3.0,9.59,0.26,25.0,0.0,0.128,0.0,3.3
834484,ONIONS ONIONS OTHER,['onion'],"Onion soup, made from dry mix","['onion', 'soup']",0.0,12.0,0.003,0.006999999999999999,0.004,0.3,0.32,346.0,0.2,0.01,0.0,0.0,0.025,0.0,0.1
1022003,SOUP CONDENSED SOUP,"['soup', 'condens']",Oxtail soup,"['oxtail', 'soup']",31.0,85.0,1.861,0.179,2.2119999999999997,0.3,8.4,139.0,0.44,4.87,34.0,0.65,0.09300000000000001,0.0,10.2
1050229,SOUP CONDENSED SOUP,"['soup', 'condens']",Oxtail soup,"['oxtail', 'soup']",31.0,85.0,1.861,0.179,2.2119999999999997,0.3,8.4,139.0,0.44,4.87,34.0,0.65,0.09300000000000001,0.0,10.2
911812,SOUP CONDENSED SOUP,"['soup', 'condens']",Oxtail soup,"['oxtail', 'soup']",31.0,85.0,1.861,0.179,2.2119999999999997,0.3,8.4,139.0,0.44,4.87,34.0,0.65,0.09300000000000001,0.0,10.2
1077490,SOUP CONDENSED SOUP,"['soup', 'condens']",Oxtail soup,"['oxtail', 'soup']",31.0,85.0,1.861,0.179,2.2119999999999997,0.3,8.4,139.0,0.44,4.87,34.0,0.65,0.09300000000000001,0.0,10.2
1119879,SOUP DRY SOUP,['soup'],Oxtail soup,"['oxtail', 'soup']",31.0,85.0,1.861,0.179,2.2119999999999997,0.3,8.4,139.0,0.44,4.87,34.0,0.65,0.09300000000000001,0.0,10.2
999134,SOUP CONDENSED SOUP,"['soup', 'condens']",Oxtail soup,"['oxtail', 'soup']",31.0,85.0,1.861,0.179,2.2119999999999997,0.3,8.4,139.0,0.44,4.87,34.0,0.65,0.09300000000000001,0.0,10.2
859075,CHEESE SHREDDED CHEESE,"['chees', 'shred']","Cheese, NFS","['chees', 'nf']",91.0,367.0,8.045,1.255,16.657,0.0,20.57,915.0,2.76,29.23,306.0,1.27,0.08900000000000001,0.0,2.7
1096036,CHEESE IWS SINGLE CHEESE,"['chees', 'singl']","Cheese, NFS","['chees', 'nf']",91.0,367.0,8.045,1.255,16.657,0.0,20.57,915.0,2.76,29.23,306.0,1.27,0.08900000000000001,0.0,2.7
929668,DINNER MXS:DRY MACARONI & CHEESE DNRS,"['dinner', 'macaroni', 'chees', 'dnr']","Cheese, NFS","['chees', 'nf']",91.0,367.0,8.045,1.255,16.657,0.0,20.57,915.0,2.76,29.23,306.0,1.27,0.08900000000000001,0.0,2.7
965766,CHEESE IWS SINGLE CHEESE,"['chees', 'singl']","Cheese, NFS","['chees', 'nf']",91.0,367.0,8.045,1.255,16.657,0.0,20.57,915.0,2.76,29.23,306.0,1.27,0.08900000000000001,0.0,2.7
987562,CHEESE SHREDDED CHEESE,"['chees', 'shred']","Cheese, NFS","['chees', 'nf']",91.0,367.0,8.045,1.255,16.657,0.0,20.57,915.0,2.76,29.23,306.0,1.27,0.08900000000000001,0.0,2.7
1101173,DINNER MXS:DRY MACARONI & CHEESE DNRS,"['dinner', 'macaroni', 'chees', 'dnr']","Cheese, NFS","['chees', 'nf']",91.0,367.0,8.045,1.255,16.657,0.0,20.57,915.0,2.76,29.23,306.0,1.27,0.08900000000000001,0.0,2.7
893018,CHEESE IWS SINGLE CHEESE,"['chees', 'singl']","Cheese, NFS","['chees', 'nf']",91.0,367.0,8.045,1.255,16.657,0.0,20.57,915.0,2.76,29.23,306.0,1.27,0.08900000000000001,0.0,2.7
1029624,DINNER MXS:DRY MACARONI & CHEESE DNRS,"['dinner', 'macaroni', 'chees', 'dnr']","Cheese, NFS","['chees', 'nf']",91.0,367.0,8.045,1.255,16.657,0.0,20.57,915.0,2.76,29.23,306.0,1.27,0.08900000000000001,0.0,2.7
1136257,CHEESE SHREDDED CHEESE,"['chees', 'shred']","Cheese, NFS","['chees', 'nf']",91.0,367.0,8.045,1.255,16.657,0.0,20.57,915.0,2.76,29.23,306.0,1.27,0.08900000000000001,0.0,2.7
918335,CHEESE SHREDDED CHEESE,"['chees', 'shred']","Cheese, NFS","['chees', 'nf']",91.0,367.0,8.045,1.255,16.657,0.0,20.57,915.0,2.76,29.23,306.0,1.27,0.08900000000000001,0.0,2.7
987724,CHEESE SHREDDED CHEESE,"['chees', 'shred']","Cheese, NFS","['chees', 'nf']",91.0,367.0,8.045,1.255,16.657,0.0,20.57,915.0,2.76,29.23,306.0,1.27,0.08900000000000001,0.0,2.7
1002558,CHEESE SHREDDED CHEESE,"['chees', 'shred']","Cheese, NFS","['chees', 'nf']",91.0,367.0,8.045,1.255,16.657,0.0,20.57,915.0,2.76,29.23,306.0,1.27,0.08900000000000001,0.0,2.7
940766,CHEESE SHREDDED CHEESE,"['chees', 'shred']","Cheese, NFS","['chees', 'nf']",91.0,367.0,8.045,1.255,16.657,0.0,20.57,915.0,2.76,29.23,306.0,1.27,0.08900000000000001,0.0,2.7
1132771,CHEESES CHEESE: NATURAL BULK,"['chees', 'chees', 'natur']","Cheese, NFS","['chees', 'nf']",91.0,367.0,8.045,1.255,16.657,0.0,20.57,915.0,2.76,29.23,306.0,1.27,0.08900000000000001,0.0,2.7
971922,CHEESES CHEESE: NATURAL BULK,"['chees', 'chees', 'natur']","Cheese, NFS","['chees', 'nf']",91.0,367.0,8.045,1.255,16.657,0.0,20.57,915.0,2.76,29.23,306.0,1.27,0.08900000000000001,0.0,2.7
1034686,CHEESE SHREDDED CHEESE,"['chees', 'shred']","Cheese, NFS","['chees', 'nf']",91.0,367.0,8.045,1.255,16.657,0.0,20.57,915.0,2.76,29.23,306.0,1.27,0.08900000000000001,0.0,2.7
1137775,CHEESES CHEESE: NATURAL BULK,"['chees', 'chees', 'natur']","Cheese, NFS","['chees', 'nf']",91.0,367.0,8.045,1.255,16.657,0.0,20.57,915.0,2.76,29.23,306.0,1.27,0.08900000000000001,0.0,2.7
833715,SOUP RAMEN NOODLES/RAMEN CUPS,"['soup', 'ramen', 'noodl', 'cup']",Noodle pudding,"['noodl', 'pud']",88.0,209.0,3.0460000000000003,1.974,1.6380000000000001,1.5,5.94,69.0,10.33,7.34,74.0,0.2,0.083,0.0,5.2
1003421,SOUP RAMEN NOODLES/RAMEN CUPS,"['soup', 'ramen', 'noodl', 'cup']",Noodle pudding,"['noodl', 'pud']",88.0,209.0,3.0460000000000003,1.974,1.6380000000000001,1.5,5.94,69.0,10.33,7.34,74.0,0.2,0.083,0.0,5.2
866950,SOUP RAMEN NOODLES/RAMEN CUPS,"['soup', 'ramen', 'noodl', 'cup']",Noodle pudding,"['noodl', 'pud']",88.0,209.0,3.0460000000000003,1.974,1.6380000000000001,1.5,5.94,69.0,10.33,7.34,74.0,0.2,0.083,0.0,5.2
903674,SOUP RAMEN NOODLES/RAMEN CUPS,"['soup', 'ramen', 'noodl', 'cup']",Noodle pudding,"['noodl', 'pud']",88.0,209.0,3.0460000000000003,1.974,1.6380000000000001,1.5,5.94,69.0,10.33,7.34,74.0,0.2,0.083,0.0,5.2
979746,SOUP RAMEN NOODLES/RAMEN CUPS,"['soup', 'ramen', 'noodl', 'cup']",Noodle pudding,"['noodl', 'pud']",88.0,209.0,3.0460000000000003,1.974,1.6380000000000001,1.5,5.94,69.0,10.33,7.34,74.0,0.2,0.083,0.0,5.2
981944,SOUP RAMEN NOODLES/RAMEN CUPS,"['soup', 'ramen', 'noodl', 'cup']",Noodle pudding,"['noodl', 'pud']",88.0,209.0,3.0460000000000003,1.974,1.6380000000000001,1.5,5.94,69.0,10.33,7.34,74.0,0.2,0.083,0.0,5.2
1013321,VEGETABLES - SHELF STABLE BEANS GREEN: FS/WHL/CUT,"['veget', 'bean', 'green']","Vegetable sticks, breaded (including corn, carrots, and green beans)","['veget', 'stick', 'bread', 'includ', 'corn', 'carrot', 'green', 'bean']",0.0,203.0,3.108,3.034,1.455,2.7,4.1,624.0,2.6,8.13,165.0,0.0,0.114,0.0,16.0
938700,VEGETABLES - SHELF STABLE CORN,"['veget', 'corn']","Vegetable sticks, breaded (including corn, carrots, and green beans)","['veget', 'stick', 'bread', 'includ', 'corn', 'carrot', 'green', 'bean']",0.0,203.0,3.108,3.034,1.455,2.7,4.1,624.0,2.6,8.13,165.0,0.0,0.114,0.0,16.0
973861,VEGETABLES - SHELF STABLE BEANS GREEN: FS/WHL/CUT,"['veget', 'bean', 'green']","Vegetable sticks, breaded (including corn, carrots, and green beans)","['veget', 'stick', 'bread', 'includ', 'corn', 'carrot', 'green', 'bean']",0.0,203.0,3.108,3.034,1.455,2.7,4.1,624.0,2.6,8.13,165.0,0.0,0.114,0.0,16.0
852864,VEGETABLES - SHELF STABLE BEANS GREEN: FS/WHL/CUT,"['veget', 'bean', 'green']","Vegetable sticks, breaded (including corn, carrots, and green beans)","['veget', 'stick', 'bread', 'includ', 'corn', 'carrot', 'green', 'bean']",0.0,203.0,3.108,3.034,1.455,2.7,4.1,624.0,2.6,8.13,165.0,0.0,0.114,0.0,16.0
892920,VEGETABLES - SHELF STABLE CORN,"['veget', 'corn']","Vegetable sticks, breaded (including corn, carrots, and green beans)","['veget', 'stick', 'bread', 'includ', 'corn', 'carrot', 'green', 'bean']",0.0,203.0,3.108,3.034,1.455,2.7,4.1,624.0,2.6,8.13,165.0,0.0,0.114,0.0,16.0
976955,VEGETABLES - SHELF STABLE CORN,"['veget', 'corn']","Vegetable sticks, breaded (including corn, carrots, and green beans)","['veget', 'stick', 'bread', 'includ', 'corn', 'carrot', 'green', 'bean']",0.0,203.0,3.108,3.034,1.455,2.7,4.1,624.0,2.6,8.13,165.0,0.0,0.114,0.0,16.0
889774,VEGETABLES - SHELF STABLE CORN,"['veget', 'corn']","Vegetable sticks, breaded (including corn, carrots, and green beans)","['veget', 'stick', 'bread', 'includ', 'corn', 'carrot', 'green', 'bean']",0.0,203.0,3.108,3.034,1.455,2.7,4.1,624.0,2.6,8.13,165.0,0.0,0.114,0.0,16.0
927191,SEAFOOD - SHELF STABLE TUNA,"['seafood', 'tuna']","Tuna, canned, oil pack","['tuna', 'oil']",18.0,198.0,2.949,2.885,1.534,0.0,29.13,416.0,0.0,8.21,23.0,2.2,0.11,0.0,44.0
862139,SEAFOOD - SHELF STABLE TUNA,"['seafood', 'tuna']","Tuna, canned, oil pack","['tuna', 'oil']",18.0,198.0,2.949,2.885,1.534,0.0,29.13,416.0,0.0,8.21,23.0,2.2,0.11,0.0,44.0
854852,TOMATOES TOMATOES HOTHOUSE ON THE VINE,"['tomato', 'hothous', 'vine']",Tomato aspic,"['tomato', 'aspic']",0.0,28.0,0.006,0.023,0.02,0.3,2.57,201.0,3.54,0.25,18.0,0.0,0.059000000000000004,0.0,1.8
1081177,TOMATOES TOMATOES VINE RIPE BULK,"['tomato', 'vine', 'ripe']",Tomato aspic,"['tomato', 'aspic']",0.0,28.0,0.006,0.023,0.02,0.3,2.57,201.0,3.54,0.25,18.0,0.0,0.059000000000000004,0.0,1.8
6034857,TOMATOES TOMATOES GRAPE,"['tomato', 'grape']",Tomato aspic,"['tomato', 'aspic']",0.0,28.0,0.006,0.023,0.02,0.3,2.57,201.0,3.54,0.25,18.0,0.0,0.059000000000000004,0.0,1.8
1026118,TOMATOES ROMA TOMATOES (BULK/PKG),"['tomato', 'roma']",Tomato aspic,"['tomato', 'aspic']",0.0,28.0,0.006,0.023,0.02,0.3,2.57,201.0,3.54,0.25,18.0,0.0,0.059000000000000004,0.0,1.8
5585510,TOMATOES TOMATOES VINE RIPE PKG,"['tomato', 'vine', 'ripe']",Tomato aspic,"['tomato', 'aspic']",0.0,28.0,0.006,0.023,0.02,0.3,2.57,201.0,3.54,0.25,18.0,0.0,0.059000000000000004,0.0,1.8
914190,CHEESE CREAM CHEESE,"['chees', 'cream']","Cheese, cream","['chees', 'cream']",101.0,350.0,8.907,1.483,20.213,0.0,6.15,314.0,3.76,34.44,308.0,0.22,0.055999999999999994,0.0,2.1
1071939,CHEESE CREAM CHEESE,"['chees', 'cream']","Cheese, cream","['chees', 'cream']",101.0,350.0,8.907,1.483,20.213,0.0,6.15,314.0,3.76,34.44,308.0,0.22,0.055999999999999994,0.0,2.1
843756,CHEESE CREAM CHEESE,"['chees', 'cream']","Cheese, cream","['chees', 'cream']",101.0,350.0,8.907,1.483,20.213,0.0,6.15,314.0,3.76,34.44,308.0,0.22,0.055999999999999994,0.0,2.1
1004906,POTATOES POTATOES RUSSET (BULK&BAG),"['potato', 'russet']",Potato chowder,"['potato', 'chowder']",11.0,91.0,1.6540000000000001,0.523,2.17,0.6,3.83,312.0,4.28,4.68,47.0,0.32,0.10800000000000001,0.0,0.8
899624,POTATOES POTATOES RUSSET (BULK&BAG),"['potato', 'russet']",Potato chowder,"['potato', 'chowder']",11.0,91.0,1.6540000000000001,0.523,2.17,0.6,3.83,312.0,4.28,4.68,47.0,0.32,0.10800000000000001,0.0,0.8
1003600,POTATOES POTATOES RUSSET (BULK&BAG),"['potato', 'russet']",Potato chowder,"['potato', 'chowder']",11.0,91.0,1.6540000000000001,0.523,2.17,0.6,3.83,312.0,4.28,4.68,47.0,0.32,0.10800000000000001,0.0,0.8
908318,POTATOES POTATOES OTHER,['potato'],Potato chowder,"['potato', 'chowder']",11.0,91.0,1.6540000000000001,0.523,2.17,0.6,3.83,312.0,4.28,4.68,47.0,0.32,0.10800000000000001,0.0,0.8
986912,PREPARED FOOD PREP FD: SIDE DISHES (HOT),"['prepar', 'food', 'prep', 'side', 'dish', 'hot']","Tea, hot, herbal","['tea', 'hot', 'herbal']",0.0,1.0,0.001,0.005,0.002,0.0,0.0,1.0,0.0,0.0,0.0,0.0,0.0,0.0,0.0
866211,GRAPES GRAPES WHITE,['grape'],"Grape juice, 100%","['grape', 'juic']",0.0,60.0,0.003,0.022000000000000002,0.025,0.2,0.37,5.0,14.2,0.13,0.0,0.0,0.032,0.0,0.4
878996,GRAPES GRAPES RED,"['grape', 'red']","Sangria, red","['sangria', 'red']",0.0,96.0,0.002,0.021,0.002,0.0,0.04,10.0,7.16,0.04,0.0,0.0,0.03,0.0,0.2
1105488,GRAPES GRAPES RED,"['grape', 'red']","Sangria, red","['sangria', 'red']",0.0,96.0,0.002,0.021,0.002,0.0,0.04,10.0,7.16,0.04,0.0,0.0,0.03,0.0,0.2
939578,APPLES APPLES RED DELICIOUS (BULK&BAG,"['appl', 'red', 'delici']","Sangria, red","['sangria', 'red']",0.0,96.0,0.002,0.021,0.002,0.0,0.04,10.0,7.16,0.04,0.0,0.0,0.03,0.0,0.2
1131438,DINNER SAUSAGE RED,"['dinner', 'sausag', 'red']","Sangria, red","['sangria', 'red']",0.0,96.0,0.002,0.021,0.002,0.0,0.04,10.0,7.16,0.04,0.0,0.0,0.03,0.0,0.2
1068719,SUGARS/SWEETNERS SUGAR,"['sugar', 'sweetner', 'sugar']","Sugar, NFS","['sugar', 'nf']",0.0,387.0,0.0,0.0,0.0,0.0,0.0,1.0,99.8,0.0,0.0,0.0,0.0,0.0,0.0
5592931,SUGARS/SWEETNERS SUGAR,"['sugar', 'sweetner', 'sugar']","Sugar, NFS","['sugar', 'nf']",0.0,387.0,0.0,0.0,0.0,0.0,0.0,1.0,99.8,0.0,0.0,0.0,0.0,0.0,0.0
962568,VEGETABLES - ALL OTHERS CELERY,"['veget', 'other', 'celeri']","Vegetables, stew type (including potatoes, carrots, onions, celery) cooked, made with oil","['veget', 'stew', 'includ', 'potato', 'carrot', 'onion', 'celeri', 'cook', 'oil']",0.0,79.0,1.308,1.426,0.483,2.3,1.04,259.0,2.42,3.41,329.0,0.0,0.151,0.0,13.4
865178,VEGETABLES - ALL OTHERS CELERY,"['veget', 'other', 'celeri']","Vegetables, stew type (including potatoes, carrots, onions, celery) cooked, made with oil","['veget', 'stew', 'includ', 'potato', 'carrot', 'onion', 'celeri', 'cook', 'oil']",0.0,79.0,1.308,1.426,0.483,2.3,1.04,259.0,2.42,3.41,329.0,0.0,0.151,0.0,13.4
911878,CORN CORN WHITE,['corn'],Corn Chex,"['corn', 'chex']",0.0,370.0,0.6,1.29,0.4,4.7,6.4,719.0,11.1,2.4,440.0,4.8,1.61,0.0,0.1
903325,BROCCOLI/CAULIFLOWER BROCCOLI WHOLE&CROWNS,"['broccoli', 'cauliflow', 'crown']","Broccoli salad with cauliflower, cheese, bacon bits, and dressing","['broccoli', 'salad', 'cauliflow', 'chees', 'bacon', 'bit', 'dress']",21.0,269.0,5.355,11.285,5.211,1.7,5.85,341.0,6.54,22.87,48.0,0.23,0.098,0.0,60.1
1117514,BROCCOLI/CAULIFLOWER CAULIFLOWER WHOLE,"['broccoli', 'cauliflow']","Broccoli salad with cauliflower, cheese, bacon bits, and dressing","['broccoli', 'salad', 'cauliflow', 'chees', 'bacon', 'bit', 'dress']",21.0,269.0,5.355,11.285,5.211,1.7,5.85,341.0,6.54,22.87,48.0,0.23,0.098,0.0,60.1
907014,BAKING MIXES MUFFIN & CORN BREAD MIX,"['bake', 'mix', 'muffin', 'corn', 'bread']","Lobster with bread stuffing, baked","['lobster', 'bread', 'stuf', 'bake']",119.0,175.0,2.093,0.805,4.686,0.6,14.85,659.0,1.23,8.2,59.0,1.0,0.096,0.0,0.7
1024306,MELONS CANTALOUPE WHOLE,"['melon', 'cantaloup']","Cassaba melon, raw","['cassaba', 'melon', 'raw']",0.0,28.0,0.002,0.039,0.025,0.9,1.11,9.0,5.69,0.1,0.0,0.0,0.163,0.0,2.5
965267,MELONS WATERMELON SEEDLESS WHOLE,"['melon', 'watermelon', 'seedless']","Cassaba melon, raw","['cassaba', 'melon', 'raw']",0.0,28.0,0.002,0.039,0.025,0.9,1.11,9.0,5.69,0.1,0.0,0.0,0.163,0.0,2.5
833025,MILK BY-PRODUCTS SOUR CREAMS,"['milk', 'product', 'sour', 'cream']","White potato, from fresh, mashed, made with milk, and sour cream and/or cream cheese","['potato', 'fresh', 'mash', 'milk', 'sour', 'cream', 'chees']",17.0,123.0,1.41,0.271,3.1860000000000004,1.4,2.28,252.0,1.56,5.68,46.0,0.06,0.21600000000000003,0.0,2.0
1028816,TROPICAL FRUIT AVOCADO,"['tropic', 'fruit', 'avocado']","Fruit, NS as to type",['fruit'],0.0,69.0,0.019,0.055,0.064,2.3,0.76,1.0,11.73,0.22,4.0,0.0,0.18100000000000002,0.0,3.0
1023720,STONE FRUIT PEACHES YELLOW FLESH,"['stone', 'fruit', 'peach', 'yellow', 'flesh']","Fruit, NS as to type",['fruit'],0.0,69.0,0.019,0.055,0.064,2.3,0.76,1.0,11.73,0.22,4.0,0.0,0.18100000000000002,0.0,3.0
847982,SALAD MIX REGULAR GARDEN,"['salad', 'regular', 'garden']","Seafood garden salad with seafood, lettuce, tomato and/or carrots, other vegetables, no dressing","['seafood', 'garden', 'salad', 'lettuc', 'tomato', 'carrot', 'veget', 'dress']",57.0,44.0,0.048,0.215,0.08900000000000001,1.2,7.1,254.0,1.26,0.48,155.0,0.68,0.086,0.0,71.9
1006184,SALAD MIX GARDEN PLUS,"['salad', 'garden', 'plu']","Seafood garden salad with seafood, lettuce, tomato and/or carrots, other vegetables, no dressing","['seafood', 'garden', 'salad', 'lettuc', 'tomato', 'carrot', 'veget', 'dress']",57.0,44.0,0.048,0.215,0.08900000000000001,1.2,7.1,254.0,1.26,0.48,155.0,0.68,0.086,0.0,71.9
995965,SALAD MIX GARDEN PLUS,"['salad', 'garden', 'plu']","Seafood garden salad with seafood, lettuce, tomato and/or carrots, other vegetables, no dressing","['seafood', 'garden', 'salad', 'lettuc', 'tomato', 'carrot', 'veget', 'dress']",57.0,44.0,0.048,0.215,0.08900000000000001,1.2,7.1,254.0,1.26,0.48,155.0,0.68,0.086,0.0,71.9
1095275,ROLLS ROLLS: BAGELS,"['roll', 'bagel']","Roll, diet","['roll', 'diet']",0.0,272.0,0.36200000000000004,0.855,0.529,2.2,10.75,602.0,4.62,2.42,0.0,0.0,0.107,0.0,0.7
823704,BREAKFAST SAUSAGE/SANDWICHES ROLLS - PORK,"['breakfast', 'sausag', 'sandwich', 'roll', 'pork']","Roll, diet","['roll', 'diet']",0.0,272.0,0.36200000000000004,0.855,0.529,2.2,10.75,602.0,4.62,2.42,0.0,0.0,0.107,0.0,0.7
910032,HOT DOGS PREMIUM - MEAT,"['hot', 'dog', 'premium', 'meat']","Frankfurter or hot dog, meat and poultry","['frankfurt', 'hot', 'dog', 'meat', 'poultri']",82.0,285.0,10.118,5.687,7.537000000000001,0.0,10.34,986.0,2.93,24.66,28.0,0.64,0.054000000000000006,0.0,0.1
1062966,HOT DOGS ECONOMY - MEAT,"['hot', 'dog', 'meat']","Frankfurter or hot dog, meat and poultry","['frankfurt', 'hot', 'dog', 'meat', 'poultri']",82.0,285.0,10.118,5.687,7.537000000000001,0.0,10.34,986.0,2.93,24.66,28.0,0.64,0.054000000000000006,0.0,0.1
883963,HOT DOGS ECONOMY - MEAT,"['hot', 'dog', 'meat']","Frankfurter or hot dog, meat and poultry","['frankfurt', 'hot', 'dog', 'meat', 'poultri']",82.0,285.0,10.118,5.687,7.537000000000001,0.0,10.34,986.0,2.93,24.66,28.0,0.64,0.054000000000000006,0.0,0.1
8205218,HOT DOGS ECONOMY - MEAT,"['hot', 'dog', 'meat']","Frankfurter or hot dog, meat and poultry","['frankfurt', 'hot', 'dog', 'meat', 'poultri']",82.0,285.0,10.118,5.687,7.537000000000001,0.0,10.34,986.0,2.93,24.66,28.0,0.64,0.054000000000000006,0.0,0.1
865330,HOT DOGS ECONOMY - MEAT,"['hot', 'dog', 'meat']","Frankfurter or hot dog, meat and poultry","['frankfurt', 'hot', 'dog', 'meat', 'poultri']",82.0,285.0,10.118,5.687,7.537000000000001,0.0,10.34,986.0,2.93,24.66,28.0,0.64,0.054000000000000006,0.0,0.1
5568378,BAG SNACKS TORTILLA/NACHO CHIPS,"['snack', 'tortilla', 'nacho', 'chip']","Salty snacks, corn or cornmeal base, tortilla chips","['salti', 'snack', 'corn', 'cornmeal', 'base', 'tortilla', 'chip']",0.0,472.0,5.664,10.769,2.8110000000000004,5.4,7.1,328.0,0.78,20.68,0.0,0.0,0.179,0.0,20.9
5569327,BAG SNACKS TORTILLA/NACHO CHIPS,"['snack', 'tortilla', 'nacho', 'chip']","Salty snacks, corn or cornmeal base, tortilla chips","['salti', 'snack', 'corn', 'cornmeal', 'base', 'tortilla', 'chip']",0.0,472.0,5.664,10.769,2.8110000000000004,5.4,7.1,328.0,0.78,20.68,0.0,0.0,0.179,0.0,20.9
5568729,BAG SNACKS TORTILLA/NACHO CHIPS,"['snack', 'tortilla', 'nacho', 'chip']","Salty snacks, corn or cornmeal base, tortilla chips","['salti', 'snack', 'corn', 'cornmeal', 'base', 'tortilla', 'chip']",0.0,472.0,5.664,10.769,2.8110000000000004,5.4,7.1,328.0,0.78,20.68,0.0,0.0,0.179,0.0,20.9
968215,TROPICAL FRUIT KIWI FRUIT,"['tropic', 'fruit', 'kiwi']","Kiwi fruit, raw","['kiwi', 'fruit', 'raw']",0.0,61.0,0.047,0.287,0.028999999999999998,3.0,1.14,3.0,8.99,0.52,4.0,0.0,0.063,0.0,40.3
845208,ONIONS ONIONS YELLOW (BULK&BAG),"['onion', 'yellow']","Squash, summer, yellow or green, and onions, cooked, made with oil","['squash', 'summer', 'yellow', 'green', 'onion', 'cook', 'oil']",0.0,47.0,1.0090000000000001,1.081,0.375,1.4,1.01,202.0,3.1,2.62,8.0,0.0,0.081,0.0,5.4
930917,MEAT - SHELF STABLE PASTA: CANNED,"['meat', 'pasta']",Pasta with meat sauce,"['pasta', 'meat', 'sauc']",9.0,147.0,1.675,1.199,1.056,1.6,6.23,237.0,1.88,4.53,10.0,0.25,0.11699999999999999,0.0,6.7
822407,MEAT - SHELF STABLE PASTA: CANNED,"['meat', 'pasta']",Pasta with meat sauce,"['pasta', 'meat', 'sauc']",9.0,147.0,1.675,1.199,1.056,1.6,6.23,237.0,1.88,4.53,10.0,0.25,0.11699999999999999,0.0,6.7
892008,MEAT - SHELF STABLE PASTA: CANNED,"['meat', 'pasta']",Pasta with meat sauce,"['pasta', 'meat', 'sauc']",9.0,147.0,1.675,1.199,1.056,1.6,6.23,237.0,1.88,4.53,10.0,0.25,0.11699999999999999,0.0,6.7
1045220,MEAT - SHELF STABLE PASTA: CANNED,"['meat', 'pasta']",Pasta with meat sauce,"['pasta', 'meat', 'sauc']",9.0,147.0,1.675,1.199,1.056,1.6,6.23,237.0,1.88,4.53,10.0,0.25,0.11699999999999999,0.0,6.7
1038217,CRACKERS/MISC BKD FD SOUP CRACKERS (SALTINE/OYSTER),"['cracker', 'misc', 'soup', 'saltin', 'oyster']","Crackers, oyster","['cracker', 'oyster']",0.0,418.0,1.986,4.835,1.653,2.8,9.46,941.0,1.29,8.64,1.0,0.09,0.086,0.0,25.4
883932,CRACKERS/MISC BKD FD SOUP CRACKERS (SALTINE/OYSTER),"['cracker', 'misc', 'soup', 'saltin', 'oyster']","Crackers, oyster","['cracker', 'oyster']",0.0,418.0,1.986,4.835,1.653,2.8,9.46,941.0,1.29,8.64,1.0,0.09,0.086,0.0,25.4
857849,MARGARINES MARGARINE  STICK,"['margarin', 'margarin']","Margarine, NFS","['margarin', 'nf']",1.0,533.0,19.348,26.476999999999997,12.085999999999999,0.0,0.17,674.0,0.0,59.81,819.0,0.0,3.75,0.0,101.3
898980,MARGARINES MARGARINE  STICK,"['margarin', 'margarin']","Margarine, NFS","['margarin', 'nf']",1.0,533.0,19.348,26.476999999999997,12.085999999999999,0.0,0.17,674.0,0.0,59.81,819.0,0.0,3.75,0.0,101.3
1070015,REFRGRATD JUICES/DRNKS DAIRY CASE TEA WITH SUGAR OR S,"['juic', 'drnk', 'dairi', 'case', 'tea', 'sugar']","Tea, iced, instant, black, pre-sweetened with sugar","['tea', 'ice', 'instant', 'black', 'pre', 'sweeten', 'sugar']",0.0,30.0,0.002,0.016,0.006999999999999999,0.1,0.01,4.0,7.07,0.05,0.0,0.0,0.001,0.0,0.0
1003188,CANNED JUICES APPLE JUICE & CIDER (OVER 50%,"['juic', 'appl', 'juic', 'cider']","Apple juice, 100%","['appl', 'juic']",0.0,46.0,0.006,0.039,0.022000000000000002,0.2,0.1,4.0,9.62,0.13,0.0,0.0,0.018000000000000002,0.0,0.0
933835,DELI MEATS MEAT: SAUS DRY BULK,"['meat', 'meat', 'sau']","Meat, NFS","['meat', 'nf']",89.0,201.0,3.8760000000000003,0.41600000000000004,3.22,0.0,29.65,386.0,0.0,8.3,1.0,2.84,0.5589999999999999,0.0,1.5
1113588,FRZN MEAT/MEAT DINNERS SS ECONOMY ENTREES/DINNERS ALL,['meat'],"Meat, NFS","['meat', 'nf']",89.0,201.0,3.8760000000000003,0.41600000000000004,3.22,0.0,29.65,386.0,0.0,8.3,1.0,2.84,0.5589999999999999,0.0,1.5
1101010,DELI MEATS MEAT: LUNCHMEAT BULK,"['meat', 'meat', 'lunchmeat']","Meat, NFS","['meat', 'nf']",89.0,201.0,3.8760000000000003,0.41600000000000004,3.22,0.0,29.65,386.0,0.0,8.3,1.0,2.84,0.5589999999999999,0.0,1.5
830750,FRZN MEAT/MEAT DINNERS SS ECONOMY ENTREES/DINNERS ALL,['meat'],"Meat, NFS","['meat', 'nf']",89.0,201.0,3.8760000000000003,0.41600000000000004,3.22,0.0,29.65,386.0,0.0,8.3,1.0,2.84,0.5589999999999999,0.0,1.5
918733,FRZN MEAT/MEAT DINNERS SS ECONOMY ENTREES/DINNERS ALL,['meat'],"Meat, NFS","['meat', 'nf']",89.0,201.0,3.8760000000000003,0.41600000000000004,3.22,0.0,29.65,386.0,0.0,8.3,1.0,2.84,0.5589999999999999,0.0,1.5
908213,MEAT - SHELF STABLE VIENNA SAUSAGE,"['meat', 'vienna', 'sausag']","Meat, NFS","['meat', 'nf']",89.0,201.0,3.8760000000000003,0.41600000000000004,3.22,0.0,29.65,386.0,0.0,8.3,1.0,2.84,0.5589999999999999,0.0,1.5
1012873,FRZN MEAT/MEAT DINNERS SS ECONOMY ENTREES/DINNERS ALL,['meat'],"Meat, NFS","['meat', 'nf']",89.0,201.0,3.8760000000000003,0.41600000000000004,3.22,0.0,29.65,386.0,0.0,8.3,1.0,2.84,0.5589999999999999,0.0,1.5
1055283,FRZN MEAT/MEAT DINNERS SS ECONOMY ENTREES/DINNERS ALL,['meat'],"Meat, NFS","['meat', 'nf']",89.0,201.0,3.8760000000000003,0.41600000000000004,3.22,0.0,29.65,386.0,0.0,8.3,1.0,2.84,0.5589999999999999,0.0,1.5
989101,WATER - CARBONATED/FLVRD DRINK NON-CRBNTD DRNKING/MNERAL WATE,"['water', 'carbon', 'flavor', 'drink', 'non', 'crbntd', 'drnking', 'mneral', 'wate']","Fruit juice and water drink, with high vitamin C and added calcium, baby food","['fruit', 'juic', 'water', 'drink', 'high', 'vitamin', 'calcium', 'babi', 'food']",0.0,31.0,0.002,0.015,0.0,0.0,0.0,11.0,6.12,0.0,0.0,0.0,0.022000000000000002,0.0,0.2
913210,WATER - CARBONATED/FLVRD DRINK NON-CRBNTD DRNKING/MNERAL WATE,"['water', 'carbon', 'flavor', 'drink', 'non', 'crbntd', 'drnking', 'mneral', 'wate']","Fruit juice and water drink, with high vitamin C and added calcium, baby food","['fruit', 'juic', 'water', 'drink', 'high', 'vitamin', 'calcium', 'babi', 'food']",0.0,31.0,0.002,0.015,0.0,0.0,0.0,11.0,6.12,0.0,0.0,0.0,0.022000000000000002,0.0,0.2
1056651,WATER - CARBONATED/FLVRD DRINK SPRING WATER,"['water', 'carbon', 'flavor', 'drink', 'spring']","Fruit juice and water drink, with high vitamin C and added calcium, baby food","['fruit', 'juic', 'water', 'drink', 'high', 'vitamin', 'calcium', 'babi', 'food']",0.0,31.0,0.002,0.015,0.0,0.0,0.0,11.0,6.12,0.0,0.0,0.0,0.022000000000000002,0.0,0.2
834117,WATER - CARBONATED/FLVRD DRINK NON-CRBNTD DRNKING/MNERAL WATE,"['water', 'carbon', 'flavor', 'drink', 'non', 'crbntd', 'drnking', 'mneral', 'wate']","Fruit juice and water drink, with high vitamin C and added calcium, baby food","['fruit', 'juic', 'water', 'drink', 'high', 'vitamin', 'calcium', 'babi', 'food']",0.0,31.0,0.002,0.015,0.0,0.0,0.0,11.0,6.12,0.0,0.0,0.0,0.022000000000000002,0.0,0.2
1077975,WATER - CARBONATED/FLVRD DRINK SPRING WATER,"['water', 'carbon', 'flavor', 'drink', 'spring']","Fruit juice and water drink, with high vitamin C and added calcium, baby food","['fruit', 'juic', 'water', 'drink', 'high', 'vitamin', 'calcium', 'babi', 'food']",0.0,31.0,0.002,0.015,0.0,0.0,0.0,11.0,6.12,0.0,0.0,0.0,0.022000000000000002,0.0,0.2
895540,WATER - CARBONATED/FLVRD DRINK DISTILLED WATER,"['water', 'carbon', 'flavor', 'drink', 'distil']","Fruit juice and water drink, with high vitamin C and added calcium, baby food","['fruit', 'juic', 'water', 'drink', 'high', 'vitamin', 'calcium', 'babi', 'food']",0.0,31.0,0.002,0.015,0.0,0.0,0.0,11.0,6.12,0.0,0.0,0.0,0.022000000000000002,0.0,0.2
901062,APPLES APPLES GALA (BULK&BAG),"['appl', 'gala']",Apple cider,"['appl', 'cider']",0.0,46.0,0.006,0.039,0.022000000000000002,0.2,0.1,4.0,9.62,0.13,0.0,0.0,0.018000000000000002,0.0,0.0
909714,APPLES APPLES GRANNY SMITH (BULK&BAG),"['appl', 'granni', 'smith']",Apple cider,"['appl', 'cider']",0.0,46.0,0.006,0.039,0.022000000000000002,0.2,0.1,4.0,9.62,0.13,0.0,0.0,0.018000000000000002,0.0,0.0
976065,APPLES APPLES GALA (BULK&BAG),"['appl', 'gala']",Apple cider,"['appl', 'cider']",0.0,46.0,0.006,0.039,0.022000000000000002,0.2,0.1,4.0,9.62,0.13,0.0,0.0,0.018000000000000002,0.0,0.0
1062002,APPLES APPLES GOLD DELICIOUS (BULK&BA,"['appl', 'gold', 'delici']",Apple cider,"['appl', 'cider']",0.0,46.0,0.006,0.039,0.022000000000000002,0.2,0.1,4.0,9.62,0.13,0.0,0.0,0.018000000000000002,0.0,0.0
1037863,VEGETABLES - ALL OTHERS CABBAGE,"['veget', 'other', 'cabbag']",Quesadilla with vegetables,"['quesadilla', 'veget']",28.0,307.0,4.3389999999999995,2.421,7.257999999999999,2.2,11.3,603.0,2.7,15.74,102.0,0.3,0.067,0.0,10.7
951412,VEGETABLES - ALL OTHERS ASPARAGUS,"['veget', 'other', 'asparagu']",Quesadilla with vegetables,"['quesadilla', 'veget']",28.0,307.0,4.3389999999999995,2.421,7.257999999999999,2.2,11.3,603.0,2.7,15.74,102.0,0.3,0.067,0.0,10.7
1096343,FRZN VEGETABLE/VEG DSH FRZN BAGGED VEGETABLES - PLAIN,"['veget', 'veg', 'dsh', 'bag', 'veget', 'plain']",Quesadilla with vegetables,"['quesadilla', 'veget']",28.0,307.0,4.3389999999999995,2.421,7.257999999999999,2.2,11.3,603.0,2.7,15.74,102.0,0.3,0.067,0.0,10.7
1056509,MILK BY-PRODUCTS COTTAGE CHEESE,"['milk', 'product', 'cottag', 'chees']","Cheese, Mozzarella, whole milk","['chees', 'mozzarella', 'milk']",79.0,300.0,6.5729999999999995,0.765,13.152000000000001,0.0,22.17,627.0,1.03,22.35,179.0,2.28,0.037000000000000005,0.0,2.3
1077555,MILK BY-PRODUCTS COTTAGE CHEESE,"['milk', 'product', 'cottag', 'chees']","Cheese, Mozzarella, whole milk","['chees', 'mozzarella', 'milk']",79.0,300.0,6.5729999999999995,0.765,13.152000000000001,0.0,22.17,627.0,1.03,22.35,179.0,2.28,0.037000000000000005,0.0,2.3
916993,MILK BY-PRODUCTS COTTAGE CHEESE,"['milk', 'product', 'cottag', 'chees']","Cheese, Mozzarella, whole milk","['chees', 'mozzarella', 'milk']",79.0,300.0,6.5729999999999995,0.765,13.152000000000001,0.0,22.17,627.0,1.03,22.35,179.0,2.28,0.037000000000000005,0.0,2.3
12810393,PORK ENHANCED,"['pork', 'enhanc']",Pork curry,"['pork', 'curri']",13.0,89.0,1.814,1.254,0.973,1.5,6.17,306.0,1.46,4.32,132.0,0.11,0.193,0.0,48.7
913785,CONDIMENTS/SAUCES CATSUP,"['condiment', 'sauc', 'catsup']",Tomato chili sauce (catsup-type),"['tomato', 'chili', 'sauc', 'catsup']",0.0,92.0,0.038,0.154,0.045,2.4,2.5,1338.0,13.33,0.3,34.0,0.0,0.16,0.0,5.2
9526410,BAG SNACKS POTATO CHIPS,"['snack', 'potato', 'chip']","Salty snacks, multigrain and potato chips (made with rice flour, dried potatoes, corn flour, and wheat starch)","['salti', 'snack', 'multigrain', 'potato', 'chip', 'rice', 'flour', 'dri', 'potato', 'corn', 'wheat', 'starch']",0.0,505.0,4.285,10.614,6.307,2.7,5.3,544.0,4.08,24.74,0.0,0.0,0.252,0.0,7.3
9527290,BAG SNACKS POTATO CHIPS,"['snack', 'potato', 'chip']","Salty snacks, multigrain and potato chips (made with rice flour, dried potatoes, corn flour, and wheat starch)","['salti', 'snack', 'multigrain', 'potato', 'chip', 'rice', 'flour', 'dri', 'potato', 'corn', 'wheat', 'starch']",0.0,505.0,4.285,10.614,6.307,2.7,5.3,544.0,4.08,24.74,0.0,0.0,0.252,0.0,7.3
925626,FROZEN PIZZA PIZZA/ECONOMY,['pizza'],Dessert pizza,"['dessert', 'pizza']",9.0,230.0,5.332000000000001,0.6659999999999999,3.2510000000000003,1.8,2.11,135.0,16.84,9.83,37.0,0.01,0.049,0.0,13.9
9245462,FROZEN PIZZA PIZZA/ECONOMY,['pizza'],Dessert pizza,"['dessert', 'pizza']",9.0,230.0,5.332000000000001,0.6659999999999999,3.2510000000000003,1.8,2.11,135.0,16.84,9.83,37.0,0.01,0.049,0.0,13.9
1127624,FROZEN PIZZA PIZZA/ECONOMY,['pizza'],Dessert pizza,"['dessert', 'pizza']",9.0,230.0,5.332000000000001,0.6659999999999999,3.2510000000000003,1.8,2.11,135.0,16.84,9.83,37.0,0.01,0.049,0.0,13.9
919644,FROZEN PIZZA BURRITOS,"['pizza', 'burrito']",Dessert pizza,"['dessert', 'pizza']",9.0,230.0,5.332000000000001,0.6659999999999999,3.2510000000000003,1.8,2.11,135.0,16.84,9.83,37.0,0.01,0.049,0.0,13.9
9245413,FROZEN PIZZA PIZZA/ECONOMY,['pizza'],Dessert pizza,"['dessert', 'pizza']",9.0,230.0,5.332000000000001,0.6659999999999999,3.2510000000000003,1.8,2.11,135.0,16.84,9.83,37.0,0.01,0.049,0.0,13.9
6773204,FROZEN PIZZA PIZZA/ECONOMY,['pizza'],Dessert pizza,"['dessert', 'pizza']",9.0,230.0,5.332000000000001,0.6659999999999999,3.2510000000000003,1.8,2.11,135.0,16.84,9.83,37.0,0.01,0.049,0.0,13.9
935284,FROZEN PIZZA PIZZA/ECONOMY,['pizza'],Dessert pizza,"['dessert', 'pizza']",9.0,230.0,5.332000000000001,0.6659999999999999,3.2510000000000003,1.8,2.11,135.0,16.84,9.83,37.0,0.01,0.049,0.0,13.9
944139,FROZEN PIZZA PIZZA/TRADITIONAL,"['pizza', 'tradit']",Dessert pizza,"['dessert', 'pizza']",9.0,230.0,5.332000000000001,0.6659999999999999,3.2510000000000003,1.8,2.11,135.0,16.84,9.83,37.0,0.01,0.049,0.0,13.9
896369,PNT BTR/JELLY/JAMS PEANUT BUTTER,"['peanut', 'butter', 'jelli', 'jam', 'peanut', 'butter']",Peanut butter and jelly,"['peanut', 'butter', 'jelli']",0.0,409.0,11.155,5.392,4.4430000000000005,2.7,9.64,200.0,33.71,22.1,0.0,0.0,0.201,0.0,0.3
1051211,PNT BTR/JELLY/JAMS PEANUT BUTTER,"['peanut', 'butter', 'jelli', 'jam', 'peanut', 'butter']",Peanut butter and jelly,"['peanut', 'butter', 'jelli']",0.0,409.0,11.155,5.392,4.4430000000000005,2.7,9.64,200.0,33.71,22.1,0.0,0.0,0.201,0.0,0.3
824005,MUSHROOMS MUSHROOMS WHITE SLICED PKG,"['mushroom', 'slice']","Mushrooms, stuffed","['mushroom', 'stuf']",14.0,280.0,5.896,3.832,4.072,2.3,10.76,643.0,4.0,14.98,116.0,0.29,0.146,0.0,13.9
1116821,MUSHROOMS MUSHROOMS W/WHOLE PKG,['mushroom'],"Mushrooms, stuffed","['mushroom', 'stuf']",14.0,280.0,5.896,3.832,4.072,2.3,10.76,643.0,4.0,14.98,116.0,0.29,0.146,0.0,13.9
1022254,POTATOES POTATOES SWEET&YAMS,"['potato', 'sweet', 'yam']","Starchy vegetables, Puerto Rican style, including tannier, white sweet potato and yam, no plantain (viandas hervidas)","['starchi', 'veget', 'puerto', 'rican', 'style', 'includ', 'tannier', 'sweet', 'potato', 'yam', 'plantain', 'vianda', 'hervida']",0.0,142.0,0.036000000000000004,0.051,0.047,3.3,1.16,247.0,1.01,0.19,3.0,0.0,0.193,0.0,1.8
1043590,SHORTENING/OIL VEGETABLE/SALAD OIL,"['shorten', 'oil', 'veget', 'salad']",Gelatin salad with vegetables,"['gelatin', 'salad', 'veget']",0.0,51.0,0.003,0.013999999999999999,0.008,0.3,1.11,237.0,11.1,0.03,35.0,0.0,0.025,0.0,2.3
1030819,VEGETABLES - SHELF STABLE PEAS GREEN,"['veget', 'pea', 'green']","Mixed vegetables (corn, lima beans, peas, green beans, and carrots), cooked, from frozen, made with oil","['mix', 'veget', 'corn', 'lima', 'bean', 'pea', 'green', 'carrot', 'cook', 'oil']",0.0,85.0,1.024,1.067,0.361,4.3,2.78,241.0,3.03,2.57,208.0,0.0,0.07200000000000001,0.0,25.7
940947,HEAT/SERVE ENTREES,"['heat', 'serv']","Ice cream, soft serve, NS as to flavor","['ice', 'cream', 'soft', 'serv', 'flavor']",44.0,207.0,2.969,0.452,6.79,0.7,3.5,80.0,21.22,11.0,118.0,0.39,0.048,0.0,0.3
976199,BUTTER BUTTER,['butter'],Cashew butter,"['cashew', 'butter']",0.0,609.0,26.709,13.370999999999999,10.606,3.0,12.12,295.0,9.09,53.03,0.0,0.0,0.203,0.0,30.3
872137,BUTTER BUTTER,['butter'],Cashew butter,"['cashew', 'butter']",0.0,609.0,26.709,13.370999999999999,10.606,3.0,12.12,295.0,9.09,53.03,0.0,0.0,0.203,0.0,30.3
5590287,YOGURT YOGURT NOT MULTI-PACKS,['yogurt'],Yogurt dressing,"['yogurt', 'dress']",58.0,220.0,4.606,0.795,11.655999999999999,0.1,3.45,43.0,9.67,18.27,208.0,0.29,0.04,0.0,1.7
5582789,YOGURT YOGURT NOT MULTI-PACKS,['yogurt'],Yogurt dressing,"['yogurt', 'dress']",58.0,220.0,4.606,0.795,11.655999999999999,0.1,3.45,43.0,9.67,18.27,208.0,0.29,0.04,0.0,1.7
5584027,YOGURT YOGURT NOT MULTI-PACKS,['yogurt'],Yogurt dressing,"['yogurt', 'dress']",58.0,220.0,4.606,0.795,11.655999999999999,0.1,3.45,43.0,9.67,18.27,208.0,0.29,0.04,0.0,1.7
870780,YOGURT YOGURT NOT MULTI-PACKS,['yogurt'],Yogurt dressing,"['yogurt', 'dress']",58.0,220.0,4.606,0.795,11.655999999999999,0.1,3.45,43.0,9.67,18.27,208.0,0.29,0.04,0.0,1.7
8011397,YOGURT YOGURT NOT MULTI-PACKS,['yogurt'],Yogurt dressing,"['yogurt', 'dress']",58.0,220.0,4.606,0.795,11.655999999999999,0.1,3.45,43.0,9.67,18.27,208.0,0.29,0.04,0.0,1.7
5585735,YOGURT YOGURT NOT MULTI-PACKS,['yogurt'],Yogurt dressing,"['yogurt', 'dress']",58.0,220.0,4.606,0.795,11.655999999999999,0.1,3.45,43.0,9.67,18.27,208.0,0.29,0.04,0.0,1.7
5587133,YOGURT YOGURT NOT MULTI-PACKS,['yogurt'],Yogurt dressing,"['yogurt', 'dress']",58.0,220.0,4.606,0.795,11.655999999999999,0.1,3.45,43.0,9.67,18.27,208.0,0.29,0.04,0.0,1.7
5585635,YOGURT YOGURT NOT MULTI-PACKS,['yogurt'],Yogurt dressing,"['yogurt', 'dress']",58.0,220.0,4.606,0.795,11.655999999999999,0.1,3.45,43.0,9.67,18.27,208.0,0.29,0.04,0.0,1.7
5588666,YOGURT YOGURT NOT MULTI-PACKS,['yogurt'],Yogurt dressing,"['yogurt', 'dress']",58.0,220.0,4.606,0.795,11.655999999999999,0.1,3.45,43.0,9.67,18.27,208.0,0.29,0.04,0.0,1.7
5584007,YOGURT YOGURT NOT MULTI-PACKS,['yogurt'],Yogurt dressing,"['yogurt', 'dress']",58.0,220.0,4.606,0.795,11.655999999999999,0.1,3.45,43.0,9.67,18.27,208.0,0.29,0.04,0.0,1.7
956609,BEANS - CANNED GLASS & MW PREPARED BEANS - BAKED W/PORK,"['bean', 'glass', 'prepar', 'bake', 'pork']","Baked beans, NFS","['bake', 'bean', 'nf']",7.0,94.0,0.27699999999999997,0.157,0.293,4.0,5.15,437.0,5.67,0.93,4.0,0.0,0.063,0.0,0.5
1041259,HERBS GARLIC WHOLE CLOVES,"['herb', 'garlic', 'clove']",Garlic sauce,"['garlic', 'sauc']",19.0,108.0,2.178,0.46399999999999997,4.251,0.2,3.07,345.0,1.57,7.42,53.0,0.01,0.08199999999999999,0.0,2.0
871756,SALD DRSNG/SNDWCH SPRD SEMI-SOLID SALAD DRESSING MAY,"['sald', 'drsng', 'sndwch', 'sprd', 'semi', 'solid', 'salad', 'dress', 'may']",Crab salad,"['crab', 'salad']",58.0,187.0,3.552,9.382,2.531,0.4,9.44,459.0,0.57,15.89,9.0,1.71,0.1,0.0,40.4
1132763,CHEESE STRING CHEESE,"['chees', 'string']","Beans, string, yellow, from frozen, creamed or with cheese sauce","['bean', 'string', 'yellow', 'cream', 'chees', 'sauc']",8.0,82.0,1.733,0.86,2.07,1.9,3.58,236.0,2.04,4.92,39.0,0.12,0.053,0.0,24.0
970030,PEPPERS-ALL PEPPERS RED BELL,"['pepper', 'red', 'bell']","Peppers, red, cooked, made with oil","['pepper', 'red', 'cook', 'oil']",0.0,55.0,1.3559999999999999,1.4240000000000002,0.467,1.2,0.88,276.0,4.22,3.4,141.0,0.0,0.22399999999999998,0.0,8.7
880150,BEEF SOUP/STEW,"['beef', 'soup', 'stew']","Beef stew with potatoes, gravy","['beef', 'stew', 'potato', 'gravi']",25.0,100.0,1.435,0.731,0.927,0.9,9.19,176.0,0.57,3.47,0.0,0.6,0.198,0.0,3.0
1033615,REFRGRATD JUICES/DRNKS DAIRY CASE FRUIT DRINKS (NO JU,"['juic', 'drnk', 'dairi', 'case', 'fruit', 'drink']",Fruit flavored drink,"['fruit', 'flavor', 'drink']",0.0,64.0,0.0,0.0,0.0,0.0,0.0,36.0,15.85,0.0,0.0,0.0,0.0,0.0,0.0
985119,REFRGRATD JUICES/DRNKS DAIRY CASE FRUIT DRINKS (NO JU,"['juic', 'drnk', 'dairi', 'case', 'fruit', 'drink']",Fruit flavored drink,"['fruit', 'flavor', 'drink']",0.0,64.0,0.0,0.0,0.0,0.0,0.0,36.0,15.85,0.0,0.0,0.0,0.0,0.0,0.0
1074405,VEGETABLES - SHELF STABLE TOMATO SAUCE,"['veget', 'tomato', 'sauc']",Spaghetti with tomato sauce and vegetables,"['spaghetti', 'tomato', 'sauc', 'veget']",1.0,118.0,0.879,1.112,0.40299999999999997,1.7,3.65,208.0,2.36,2.76,13.0,0.0,0.1,0.0,7.2
938566,VEGETABLES - SHELF STABLE TOMATO SAUCE,"['veget', 'tomato', 'sauc']",Spaghetti with tomato sauce and vegetables,"['spaghetti', 'tomato', 'sauc', 'veget']",1.0,118.0,0.879,1.112,0.40299999999999997,1.7,3.65,208.0,2.36,2.76,13.0,0.0,0.1,0.0,7.2
976300,VEGETABLES - SHELF STABLE TOMATO SAUCE,"['veget', 'tomato', 'sauc']",Spaghetti with tomato sauce and vegetables,"['spaghetti', 'tomato', 'sauc', 'veget']",1.0,118.0,0.879,1.112,0.40299999999999997,1.7,3.65,208.0,2.36,2.76,13.0,0.0,0.1,0.0,7.2
1080331,VEGETABLES - SHELF STABLE TOMATO SAUCE,"['veget', 'tomato', 'sauc']",Spaghetti with tomato sauce and vegetables,"['spaghetti', 'tomato', 'sauc', 'veget']",1.0,118.0,0.879,1.112,0.40299999999999997,1.7,3.65,208.0,2.36,2.76,13.0,0.0,0.1,0.0,7.2
9526563,BAG SNACKS SGL SV/VEND MACH SNACKS CHIP/P,"['snack', 'vend', 'mach', 'chip']","Salty snacks, wheat- and corn-based chips","['salti', 'snack', 'wheat', 'corn', 'base', 'chip']",0.0,491.0,11.501,6.513,2.166,8.8,7.95,423.0,7.2,21.11,3.0,0.0,0.2,0.0,2.4
7167218,BAG SNACKS SGL SV/VEND MACH SNACKS CHIP/P,"['snack', 'vend', 'mach', 'chip']","Salty snacks, wheat- and corn-based chips","['salti', 'snack', 'wheat', 'corn', 'base', 'chip']",0.0,491.0,11.501,6.513,2.166,8.8,7.95,423.0,7.2,21.11,3.0,0.0,0.2,0.0,2.4
913202,BAG SNACKS SGL SV/VEND MACH SNACKS CHIP/P,"['snack', 'vend', 'mach', 'chip']","Salty snacks, wheat- and corn-based chips","['salti', 'snack', 'wheat', 'corn', 'base', 'chip']",0.0,491.0,11.501,6.513,2.166,8.8,7.95,423.0,7.2,21.11,3.0,0.0,0.2,0.0,2.4
7440663,BAG SNACKS SGL SV/VEND MACH SNACKS CHIP/P,"['snack', 'vend', 'mach', 'chip']","Salty snacks, wheat- and corn-based chips","['salti', 'snack', 'wheat', 'corn', 'base', 'chip']",0.0,491.0,11.501,6.513,2.166,8.8,7.95,423.0,7.2,21.11,3.0,0.0,0.2,0.0,2.4
9527487,BAG SNACKS SGL SV/VEND MACH SNACKS CHIP/P,"['snack', 'vend', 'mach', 'chip']","Salty snacks, wheat- and corn-based chips","['salti', 'snack', 'wheat', 'corn', 'base', 'chip']",0.0,491.0,11.501,6.513,2.166,8.8,7.95,423.0,7.2,21.11,3.0,0.0,0.2,0.0,2.4
9526886,BAG SNACKS SGL SV/VEND MACH SNACKS CHIP/P,"['snack', 'vend', 'mach', 'chip']","Salty snacks, wheat- and corn-based chips","['salti', 'snack', 'wheat', 'corn', 'base', 'chip']",0.0,491.0,11.501,6.513,2.166,8.8,7.95,423.0,7.2,21.11,3.0,0.0,0.2,0.0,2.4
890610,BREAKFAST SWEETS SW GDS: SW ROLLS/DAN,"['breakfast', 'sweet', 'roll', 'dan']","Roll, sweet, no frosting","['roll', 'sweet', 'frost']",55.0,321.0,1.851,0.855,3.516,3.1,10.04,253.0,15.38,7.37,40.0,0.21,0.11,0.0,0.6
832678,CRACKERS/MISC BKD FD BUTTER SPRAY CRACKER (RITZ/CLU,"['cracker', 'misc', 'butter', 'spray', 'cracker', 'ritz', 'clu']","Crackers, cylindrical, peanut-butter filled","['cracker', 'cylindr', 'peanut', 'butter', 'fill']",0.0,494.0,13.468,4.551,4.803,2.3,11.47,801.0,10.5,24.54,1.0,0.01,0.14800000000000002,0.0,9.5
1041796,CRACKERS/MISC BKD FD BUTTER SPRAY CRACKER (RITZ/CLU,"['cracker', 'misc', 'butter', 'spray', 'cracker', 'ritz', 'clu']","Crackers, cylindrical, peanut-butter filled","['cracker', 'cylindr', 'peanut', 'butter', 'fill']",0.0,494.0,13.468,4.551,4.803,2.3,11.47,801.0,10.5,24.54,1.0,0.01,0.14800000000000002,0.0,9.5
845193,FROZEN PIZZA SNACKS/APPETIZERS,"['pizza', 'snack', 'appet']",Gelatin snacks,"['gelatin', 'snack']",0.0,139.0,0.0,0.0,0.0,0.0,2.84,172.0,31.37,0.0,0.0,0.0,0.0,0.0,0.0
890695,FROZEN PIZZA SNACKS/APPETIZERS,"['pizza', 'snack', 'appet']",Gelatin snacks,"['gelatin', 'snack']",0.0,139.0,0.0,0.0,0.0,0.0,2.84,172.0,31.37,0.0,0.0,0.0,0.0,0.0,0.0
907631,FROZEN PIZZA SNACKS/APPETIZERS,"['pizza', 'snack', 'appet']",Gelatin snacks,"['gelatin', 'snack']",0.0,139.0,0.0,0.0,0.0,0.0,2.84,172.0,31.37,0.0,0.0,0.0,0.0,0.0,0.0
1076056,COUPON/MISC ITEMS MISC SALES TRANS,"['coupon', 'misc', 'item', 'sale', 'tran']","Fish in lemon-butter sauce with starch item, vegetable (frozen meal)","['fish', 'lemon', 'butter', 'sauc', 'starch', 'item', 'veget', 'meal']",15.0,102.0,0.778,1.2819999999999998,1.454,1.3,5.5,440.0,1.39,3.75,20.0,0.43,0.096,0.0,6.1
1051516,VEGETABLES - ALL OTHERS BEANS,"['veget', 'other', 'bean']","Pizza with beans and vegetables, thin crust","['pizza', 'bean', 'veget', 'thin', 'crust']",19.0,226.0,2.359,2.099,4.198,3.3,10.24,532.0,2.75,9.48,57.0,0.38,0.068,0.0,7.7
1042438,COOKIES/CONES SANDWICH COOKIES,"['cooki', 'cone', 'sandwich']","Cookie, vanilla sandwich","['cooki', 'vanilla', 'sandwich']",0.0,483.0,8.437000000000001,7.551,2.9789999999999996,1.5,4.5,349.0,39.3,20.0,0.0,0.0,0.018000000000000002,0.0,5.0
1137688,SQUASH SQUASH ZUCCHINI,"['squash', 'zucchini']","Zucchini, pickled","['zucchini', 'pickl']",0.0,38.0,0.062,0.083,0.067,1.1,1.05,167.0,6.84,0.32,15.0,0.0,0.133,0.0,3.1
9553031,SOUP BROTH,"['soup', 'broth']","Soybean soup, miso broth","['soybean', 'soup', 'miso', 'broth']",4.0,32.0,0.45899999999999996,0.617,0.215,0.4,2.47,610.0,0.89,1.54,1.0,0.12,0.027999999999999997,0.0,3.3
9445919,SOUP BROTH,"['soup', 'broth']","Soybean soup, miso broth","['soybean', 'soup', 'miso', 'broth']",4.0,32.0,0.45899999999999996,0.617,0.215,0.4,2.47,610.0,0.89,1.54,1.0,0.12,0.027999999999999997,0.0,3.3
870547,MARGARINES MARGARINE: TUBS AND BOWLS,"['margarin', 'margarin', 'tub', 'bowl']","Margarine, tub, unsalted","['margarin', 'tub', 'unsalt']",0.0,713.0,36.435,26.741,14.224,0.0,0.22,28.0,0.0,80.17,819.0,0.08,0.0,0.0,91.7
999270,BACON ECONOMY,['bacon'],Bacon bits,"['bacon', 'bit']",0.0,476.0,6.225,13.548,4.055,10.2,32.0,1770.0,0.0,25.9,0.0,1.2,0.08,0.0,0.0
1042907,BACON PREMIUM,"['bacon', 'premium']",Bacon bits,"['bacon', 'bit']",0.0,476.0,6.225,13.548,4.055,10.2,32.0,1770.0,0.0,25.9,0.0,1.2,0.08,0.0,0.0
8065410,BACON ECONOMY,['bacon'],Bacon bits,"['bacon', 'bit']",0.0,476.0,6.225,13.548,4.055,10.2,32.0,1770.0,0.0,25.9,0.0,1.2,0.08,0.0,0.0
990797,CRACKERS/MISC BKD FD CHEESE CRACKERS (CHEEZ-ITS/GOL,"['cracker', 'misc', 'chees', 'cheez', 'gol']","Cracker, cheese","['cracker', 'chees']",3.0,489.0,5.744,10.09,5.287999999999999,2.3,10.93,973.0,4.53,22.74,17.0,0.34,0.17,0.0,9.4
1094955,MEAT - SHELF STABLE SANDWICH SAUCE,"['meat', 'sandwich', 'sauc']","Meat sandwich, NFS","['meat', 'sandwich', 'nf']",21.0,301.0,4.601,3.6689999999999996,4.008,1.7,10.47,647.0,5.01,13.79,9.0,0.59,0.15,0.0,8.6
1134522,BAKED SWEET GOODS SNACK CAKE - MULTI PACK,"['bake', 'sweet', 'good', 'snack', 'cake']","Sweet potato, baked, peel eaten, made with oil","['sweet', 'potato', 'bake', 'peel', 'oil']",0.0,107.0,0.927,1.0,0.353,3.2,1.96,224.0,6.3,2.36,935.0,0.0,0.278,0.0,4.8
856772,BAKED SWEET GOODS SNACK CAKE - MULTI PACK,"['bake', 'sweet', 'good', 'snack', 'cake']","Sweet potato, baked, peel eaten, made with oil","['sweet', 'potato', 'bake', 'peel', 'oil']",0.0,107.0,0.927,1.0,0.353,3.2,1.96,224.0,6.3,2.36,935.0,0.0,0.278,0.0,4.8
952317,BAKED SWEET GOODS SNACK CAKE - MULTI PACK,"['bake', 'sweet', 'good', 'snack', 'cake']","Sweet potato, baked, peel eaten, made with oil","['sweet', 'potato', 'bake', 'peel', 'oil']",0.0,107.0,0.927,1.0,0.353,3.2,1.96,224.0,6.3,2.36,935.0,0.0,0.278,0.0,4.8
1040807,CHEESES CHEESE: PROCESSED BULK,"['chees', 'chees', 'process']","Cheese, processed cheese food","['chees', 'process', 'food']",98.0,330.0,6.846,1.0490000000000002,15.057,0.0,16.86,1362.0,5.59,25.63,220.0,1.33,0.102,0.0,3.0
866140,DRY NOODLES/PASTA SPAGHETTI DRY,"['noodl', 'pasta', 'spaghetti']","Vegetable beef soup with noodles or pasta, home recipe","['veget', 'beef', 'soup', 'noodl', 'pasta', 'home', 'recip']",17.0,67.0,0.818,0.409,0.596,0.8,6.45,278.0,1.06,2.05,35.0,0.38,0.087,0.0,16.7
1057260,FLUID MILK PRODUCTS REFRIGERATED COFFEE CREAMERS,"['milk', 'product', 'refriger', 'coffe', 'creamer']","Coffee, Latte, with non-dairy milk","['coffe', 'latt', 'non', 'dairi', 'milk']",0.0,35.0,0.419,0.45899999999999996,0.10099999999999999,0.2,1.28,48.0,4.12,1.07,49.0,0.35,0.013999999999999999,1.17,1.3
1110793,BEANS - CANNED GLASS & MW VARIETY BEANS - KIDNEY PINTO,"['bean', 'glass', 'varieti', 'kidney', 'pinto']",Beans and franks,"['bean', 'frank']",6.0,142.0,2.83,0.836,2.352,6.9,6.75,430.0,6.53,6.57,4.0,0.34,0.046,0.0,1.0
1058779,SALD DRSNG/SNDWCH SPRD POURABLE SALAD DRESSINGS,"['sald', 'drsng', 'sndwch', 'sprd', 'pourabl', 'salad', 'dress']","Greek Salad, no dressing","['greek', 'salad', 'dress']",7.0,42.0,0.784,0.256,0.935,1.7,2.61,231.0,1.53,2.16,239.0,0.11,0.091,0.0,64.5
912681,VEGETABLES - ALL OTHERS GREENS,"['veget', 'other', 'green']","Rice, white, with dark green vegetables, NS as to fat added in cooking","['rice', 'dark', 'green', 'veget', 'fat', 'cook']",0.0,122.0,0.9570000000000001,0.965,0.364,1.1,2.55,191.0,0.37,2.41,19.0,0.0,0.11599999999999999,0.0,36.5
969866,CHICKEN CHICKEN WINGS,"['chicken', 'wing']","Chicken, wing, stewed, NS as to skin eaten","['chicken', 'wing', 'stew', 'skin']",69.0,247.0,6.545,3.55,4.671,0.0,22.59,389.0,0.0,16.68,40.0,0.18,0.218,0.0,0.2
1014948,COOKIES COOKIES: REGULAR,"['cooki', 'regular']","Cookie, NFS","['cooki', 'nf']",0.0,492.0,6.272,8.417,8.091000000000001,2.0,5.1,311.0,32.9,24.72,0.0,0.03,0.057999999999999996,0.0,33.7
1102959,FRZN ICE ICE - CRUSHED/CUBED,"['ice', 'crush', 'cube']","Icing, white",['ice'],0.0,418.0,4.86,7.9510000000000005,2.9739999999999998,0.0,0.0,184.0,63.1,16.23,0.0,0.0,0.0,0.0,13.0
1043751,DELI MEATS MEAT:HAM BULK,"['meat', 'meat', 'ham']","Cheeseburger, 1/4 lb meat, with ham, on bun","['cheeseburg', 'meat', 'ham', 'bun']",56.0,278.0,5.724,1.208,6.568,0.5,18.3,766.0,2.47,15.38,32.0,1.41,0.251,0.0,2.7
1018740,DELI MEATS MEAT:HAM BULK,"['meat', 'meat', 'ham']","Cheeseburger, 1/4 lb meat, with ham, on bun","['cheeseburg', 'meat', 'ham', 'bun']",56.0,278.0,5.724,1.208,6.568,0.5,18.3,766.0,2.47,15.38,32.0,1.41,0.251,0.0,2.7
883003,DELI MEATS MEAT:HAM BULK,"['meat', 'meat', 'ham']","Cheeseburger, 1/4 lb meat, with ham, on bun","['cheeseburg', 'meat', 'ham', 'bun']",56.0,278.0,5.724,1.208,6.568,0.5,18.3,766.0,2.47,15.38,32.0,1.41,0.251,0.0,2.7
854405,MEAT - MISC BREAST - BONELESS(IQF),"['meat', 'misc', 'breast', 'boneless']","Turkey or chicken breast, prepackaged or deli, luncheon meat","['turkey', 'chicken', 'breast', 'prepackag', 'luncheon', 'meat']",50.0,100.0,0.813,0.503,0.318,0.0,16.33,922.0,3.28,2.37,0.0,0.37,0.41,0.0,0.0
839419,MEAT - MISC BREAST - BONELESS(IQF),"['meat', 'misc', 'breast', 'boneless']","Turkey or chicken breast, prepackaged or deli, luncheon meat","['turkey', 'chicken', 'breast', 'prepackag', 'luncheon', 'meat']",50.0,100.0,0.813,0.503,0.318,0.0,16.33,922.0,3.28,2.37,0.0,0.37,0.41,0.0,0.0
861445,CHICKEN/POULTRY CHIX: VALUE ADDED (HOT),"['chicken', 'poultri', 'chix', 'valu', 'hot']","Frankfurter or hot dog, chicken","['frankfurt', 'hot', 'dog', 'chicken']",101.0,228.0,5.835,3.898,3.785,0.0,16.5,1038.0,3.17,16.16,0.0,0.49,0.275,0.0,0.0
993638,CHICKEN/POULTRY CHIX:FRD 8PC/CUT UP (HOT),"['chicken', 'poultri', 'chix', 'frd', 'hot']","Frankfurter or hot dog, chicken","['frankfurt', 'hot', 'dog', 'chicken']",101.0,228.0,5.835,3.898,3.785,0.0,16.5,1038.0,3.17,16.16,0.0,0.49,0.275,0.0,0.0
1022981,VEGETABLES - SHELF STABLE TOMATO PASTE,"['veget', 'tomato', 'past']","Tomato and vegetable juice, 100%","['tomato', 'veget', 'juic']",0.0,22.0,0.06,0.076,0.08800000000000001,0.5,0.93,169.0,2.84,0.31,35.0,0.0,0.071,0.0,6.1
850841,ISOTONIC DRINKS ISOTONIC DRINKS SINGLE SERVE,"['isoton', 'drink', 'singl', 'serv']",Energy Drink,"['energi', 'drink']",0.0,43.0,0.0,0.0,0.0,0.0,0.46,39.0,10.22,0.0,0.0,1.97,2.167,0.0,0.0
835098,POTATOES POTATOES RED (BULK&BAG),"['potato', 'red']","White potato, home fries, with green or red peppers and onions","['potato', 'home', 'fri', 'green', 'red', 'pepper', 'onion']",0.0,146.0,2.36,2.371,0.809,2.3,2.0,246.0,1.7,5.76,2.0,0.0,0.317,0.0,9.9
944534,BEEF CUBED MEATS,"['beef', 'cube', 'meat']","Gravy, beef or meat","['gravi', 'beef', 'meat']",3.0,53.0,0.9620000000000001,0.08,1.153,0.4,3.75,560.0,0.21,2.36,1.0,0.1,0.01,0.0,0.1
1126310,CAT FOOD CANNED CAT FOOD (9 LIVES/FRISK,"['cat', 'food', 'live', 'frisk']","Fish, NS as to type, from fast food","['fish', 'fast', 'food']",36.0,219.0,2.311,5.334,1.876,0.9,13.49,561.0,0.45,10.79,3.0,1.17,0.231,0.0,0.1
1128016,MEAT - SHELF STABLE CHILI: CANNED,"['meat', 'chili']",Vegetarian chili (made with meat substitute),"['vegetarian', 'chili', 'meat', 'substitut']",0.0,107.0,0.8390000000000001,1.361,0.48700000000000004,4.4,7.44,248.0,2.55,2.93,19.0,0.41,0.309,0.0,5.1
897125,CHEESE GRATED CHEESE,"['chees', 'grate']","Cheese, Parmesan, dry grated","['chees', 'parmesan', 'grate']",86.0,420.0,7.13,1.386,15.370999999999999,0.0,28.42,1804.0,0.07,27.84,262.0,1.4,0.081,0.0,1.7
865456,CHEESE LOAF CHEESE,"['chees', 'loaf']",Ham and cheese loaf,"['ham', 'chees', 'loaf']",58.0,241.0,8.59,2.022,6.966,0.0,13.6,1000.0,0.0,18.7,0.0,0.81,0.26,0.0,0.0
867188,FROZEN PIE/DESSERTS FRZN WHIPPED TOPPING,"['pie', 'dessert', 'whip', 'top']",Gelatin dessert with fruit and whipped topping,"['gelatin', 'dessert', 'fruit', 'whip', 'top']",0.0,103.0,0.409,1.526,1.909,0.8,1.54,46.0,13.78,4.07,2.0,0.0,0.087,0.0,2.9
995876,FROZEN BREAD/DOUGH FRZN GARLIC BREAD/TOAST/STICKS,"['bread', 'dough', 'garlic', 'toast', 'stick']","Bread, garlic","['bread', 'garlic']",0.0,380.0,5.075,5.91,5.74,2.7,9.09,591.0,4.01,18.05,13.0,0.09,0.081,0.0,32.1
905539,DINNER SAUSAGE SMOKED/COOKED,"['dinner', 'sausag', 'smoke', 'cook']","Frozen dinner, NFS","['dinner', 'nf']",40.0,147.0,2.958,0.39,4.178,1.3,6.93,267.0,1.62,8.42,46.0,0.61,0.17800000000000002,0.0,4.2
905913,VEGETABLES - SHELF STABLE TOMATOES: STEWED/DICED/CRMD,"['veget', 'tomato', 'stew', 'dice', 'crmd']","Veal stew with potatoes and vegetables (including carrots, broccoli, and/or dark-green leafy), tomato-based sauce","['veal', 'stew', 'potato', 'veget', 'includ', 'carrot', 'broccoli', 'dark', 'green', 'leafi', 'tomato', 'base', 'sauc']",15.0,79.0,1.2590000000000001,0.172,0.963,1.4,6.34,245.0,1.38,2.76,68.0,0.45,0.183,0.0,5.2
939636,CHICKEN CHICKEN DRUMS,"['chicken', 'drum']","Chicken, back","['chicken', 'back']",87.0,298.0,8.221,4.582,5.772,0.0,25.73,409.0,0.0,20.8,104.0,0.27,0.268,0.0,4.9
